match_id,date,time,home_team_id,away_team_id,fthg,ftag,ftr,hs,as,hst,ast,hc,ac,b365h,b365d,b365a,season_id
0,05/08/2022,20:00,7,1,0,2,A,10,10,2,2,3,5,4.2,3.6,1.85,0
1,06/08/2022,12:30,9,12,2,2,D,9,11,3,4,4,4,11.0,6.0,1.25,0
2,06/08/2022,15:00,3,2,2,0,H,7,15,3,2,5,5,3.75,3.5,2.0,0
3,06/08/2022,15:00,10,20,2,1,H,12,15,4,6,6,4,2.25,3.4,3.2,0
4,06/08/2022,15:00,15,16,2,0,H,23,5,10,0,11,1,1.66,3.8,5.25,0
5,06/08/2022,15:00,18,17,4,1,H,18,10,8,2,10,2,1.33,5.5,8.5,0
6,06/08/2022,17:30,8,6,0,1,A,8,15,4,6,4,16,5.5,4.0,1.61,0
7,07/08/2022,14:00,11,4,2,2,D,14,8,5,3,5,6,2.0,3.75,3.5,0
8,07/08/2022,14:00,10,5,1,2,A,17,15,5,4,6,2,1.6,4.2,5.25,0
9,07/08/2022,16:30,19,13,0,2,A,6,14,1,2,1,4,8.0,5.0,1.36,0
10,13/08/2022,12:30,2,8,2,1,H,12,15,4,4,5,8,1.8,3.5,4.75,0
11,13/08/2022,15:00,1,11,4,2,H,19,6,7,2,6,2,1.53,4.33,5.75,0
12,13/08/2022,15:00,5,15,0,0,D,13,4,7,1,7,3,2.45,3.2,3.0,0
13,13/08/2022,15:00,13,3,4,0,H,19,3,7,1,11,1,1.06,13.0,29.0,0
14,13/08/2022,15:00,17,10,2,2,D,14,13,4,5,2,5,2.25,3.5,3.1,0
15,13/08/2022,15:00,20,9,0,0,D,7,9,1,3,5,3,2.3,3.3,3.2,0
16,13/08/2022,17:30,4,10,4,0,H,13,15,7,4,8,2,3.75,3.5,2.0,0
17,14/08/2022,14:00,16,19,1,0,H,13,19,6,5,6,7,4.2,3.6,1.85,0
18,14/08/2022,16:30,6,18,2,2,D,16,10,3,5,8,5,2.25,3.4,3.2,0
19,15/08/2022,20:00,12,7,1,1,D,24,7,4,3,4,2,1.18,6.75,16.0,0
20,20/08/2022,12:30,18,20,1,0,H,11,20,4,3,8,6,1.4,4.75,7.5,0
21,20/08/2022,15:00,7,2,3,1,H,17,13,9,5,4,2,2.5,3.25,2.9,0
22,20/08/2022,15:00,8,16,1,1,D,19,14,8,5,6,2,1.9,3.6,4.0,0
23,20/08/2022,15:00,9,4,3,2,H,18,13,9,5,6,3,2.45,3.4,2.9,0
24,20/08/2022,15:00,11,17,1,2,A,6,9,1,3,2,5,1.83,4.0,4.0,0
25,20/08/2022,17:30,3,1,0,3,A,6,14,1,6,3,4,8.0,4.75,1.4,0
26,21/08/2022,14:00,10,6,3,0,H,12,14,6,3,4,6,5.75,4.5,1.53,0
27,21/08/2022,14:00,19,5,0,2,A,13,11,3,2,5,4,2.3,3.4,3.1,0
28,21/08/2022,16:30,15,13,3,3,D,12,21,6,10,5,5,7.5,5.0,1.36,0
29,22/08/2022,20:00,10,12,2,1,H,12,17,4,5,6,8,5.25,4.33,1.6,0
30,27/08/2022,12:30,17,10,0,1,A,17,11,5,6,5,3,4.2,4.0,1.8,0
31,27/08/2022,15:00,4,8,1,1,D,19,14,5,7,8,5,2.0,3.5,3.75,0
32,27/08/2022,15:00,5,10,1,0,H,13,10,4,2,5,3,1.9,3.8,3.8,0
33,27/08/2022,15:00,6,11,2,1,H,7,17,3,5,3,11,1.4,5.0,7.0,0
34,27/08/2022,15:00,12,3,9,0,H,19,5,12,2,8,1,1.1,10.0,26.0,0
35,27/08/2022,15:00,13,7,4,2,H,18,2,5,2,6,1,1.18,7.5,13.0,0
36,27/08/2022,17:30,1,9,2,1,H,22,11,8,3,9,2,1.3,5.75,9.0,0
37,28/08/2022,14:00,2,19,0,1,A,9,7,3,2,3,2,2.3,3.4,3.1,0
38,28/08/2022,14:00,20,15,1,1,D,10,21,4,6,4,13,2.7,3.3,2.7,0
39,28/08/2022,16:30,16,18,0,2,A,17,18,1,7,6,1,7.0,4.6,1.44,0
40,30/08/2022,19:30,7,4,1,1,D,13,9,4,3,4,6,2.05,3.4,3.6,0
41,30/08/2022,19:30,9,5,2,1,H,10,7,3,4,3,3,3.1,3.3,2.3,0
42,30/08/2022,19:45,17,6,2,1,H,9,10,7,4,5,3,5.25,4.0,1.61,0
43,30/08/2022,20:00,10,8,1,1,D,14,7,5,2,10,2,2.15,3.5,3.3,0
44,31/08/2022,19:30,1,2,2,1,H,22,4,9,3,10,3,1.45,4.5,6.0,0
45,31/08/2022,19:30,3,20,0,0,D,5,17,2,4,2,5,3.5,3.3,2.15,0
46,31/08/2022,19:30,13,16,6,0,H,17,8,9,1,10,1,1.06,13.0,29.0,0
47,31/08/2022,19:45,19,18,1,1,D,14,13,4,4,3,4,3.6,3.8,1.95,0
48,31/08/2022,20:00,12,15,2,1,H,23,5,6,2,13,0,1.33,5.25,9.0,0
49,01/09/2022,20:00,11,10,0,1,A,10,9,2,2,1,3,3.4,3.75,2.05,0
50,03/09/2022,12:30,8,12,0,0,D,14,23,3,8,7,9,7.0,4.75,1.4,0
51,03/09/2022,15:00,4,10,5,2,H,14,17,8,6,2,6,2.1,3.5,3.4,0
52,03/09/2022,15:00,6,19,2,1,H,8,6,3,3,10,3,1.55,4.5,5.5,0
53,03/09/2022,15:00,15,7,0,0,D,23,19,6,9,13,5,2.0,3.5,3.75,0
54,03/09/2022,15:00,16,3,2,3,A,11,8,3,3,4,6,1.95,3.5,3.8,0
55,03/09/2022,15:00,18,9,2,1,H,23,9,10,3,10,3,1.5,4.5,6.5,0
56,03/09/2022,15:00,20,17,1,0,H,7,12,2,1,5,6,2.2,3.4,3.25,0
57,03/09/2022,17:30,2,13,1,1,D,3,13,1,4,1,4,8.0,5.5,1.33,0
58,04/09/2022,14:00,5,11,5,2,H,23,6,11,4,10,1,1.83,3.5,4.5,0
59,04/09/2022,16:30,10,1,3,1,H,10,16,6,3,2,5,2.5,3.5,2.7,0
60,16/09/2022,20:00,2,17,1,0,H,11,7,3,1,6,3,2.1,3.5,3.5,0
61,16/09/2022,20:00,16,9,2,3,A,11,15,3,7,2,10,2.75,3.3,2.62,0
62,17/09/2022,12:30,20,13,0,3,A,6,16,1,7,5,7,9.5,5.0,1.33,0
63,17/09/2022,15:00,15,3,1,1,D,20,10,7,3,8,1,1.44,4.4,7.5,0
64,17/09/2022,17:30,18,11,6,2,H,16,19,11,7,6,1,1.45,4.5,7.0,0
65,18/09/2022,12:00,4,1,0,3,A,5,13,2,7,3,3,4.2,3.8,1.8,0
66,18/09/2022,14:15,8,19,1,0,H,7,14,2,4,5,14,2.9,3.25,2.5,0
67,01/10/2022,12:30,1,18,3,1,H,22,7,9,3,5,2,2.05,3.75,3.3,0
68,01/10/2022,15:00,3,4,0,0,D,7,13,1,4,7,8,3.3,3.4,2.2,0
69,01/10/2022,15:00,7,6,1,2,A,7,13,3,3,5,2,4.2,3.6,1.85,0
70,01/10/2022,15:00,9,15,1,4,A,3,19,1,10,1,8,3.0,3.4,2.37,0
71,01/10/2022,15:00,12,5,3,3,D,15,6,7,6,9,2,1.33,5.25,8.5,0
72,01/10/2022,15:00,17,8,1,2,A,22,12,6,5,7,6,2.15,3.4,3.4,0
73,01/10/2022,17:30,19,20,2,0,H,18,15,5,4,1,6,1.95,3.5,4.2,0
74,02/10/2022,14:00,13,10,6,3,H,22,12,10,8,5,1,1.33,5.75,7.5,0
75,02/10/2022,16:30,10,2,0,0,D,9,19,1,7,2,9,2.35,3.4,3.0,0
76,03/10/2022,20:00,11,16,4,0,H,17,10,7,3,6,6,1.75,4.0,4.33,0
77,08/10/2022,15:00,3,11,2,1,H,10,9,4,5,7,2,3.6,3.4,2.05,0
78,08/10/2022,15:00,6,20,3,0,H,20,8,7,2,4,2,1.4,4.5,8.0,0
79,08/10/2022,15:00,13,17,4,0,H,21,5,8,0,9,1,1.11,10.0,17.0,0
80,08/10/2022,15:00,15,4,5,1,H,16,6,6,3,9,5,1.83,3.8,4.2,0
81,08/10/2022,17:30,5,18,0,1,A,14,8,4,3,6,2,2.8,3.4,2.5,0
82,09/10/2022,14:00,7,10,2,1,H,13,10,5,4,5,3,2.05,3.5,3.6,0
83,09/10/2022,14:00,19,9,3,1,H,17,8,8,2,4,2,1.72,3.8,4.75,0
84,09/10/2022,16:30,1,12,3,2,H,11,8,7,3,4,3,2.5,3.6,2.62,0
85,09/10/2022,19:00,8,10,1,2,A,11,12,2,4,5,4,3.6,3.5,2.05,0
86,10/10/2022,20:00,16,2,1,1,D,6,12,3,2,1,4,3.3,3.4,2.2,0
87,14/10/2022,20:00,4,5,2,0,H,7,21,3,7,2,11,3.1,3.4,2.3,0
88,15/10/2022,12:30,11,7,0,0,D,14,8,5,1,9,2,2.3,3.4,3.1,0
89,15/10/2022,15:00,9,3,2,2,D,19,10,4,6,5,6,1.85,3.75,4.0,0
90,15/10/2022,15:00,20,16,1,0,H,9,10,2,2,4,5,1.7,3.75,5.0,0
91,15/10/2022,17:30,18,8,2,0,H,21,4,7,0,7,1,1.5,4.5,6.5,0
92,16/10/2022,14:00,2,6,0,2,A,18,8,7,4,7,1,4.33,3.75,1.8,0
93,16/10/2022,14:00,10,1,0,1,A,16,9,4,4,6,3,6.0,4.2,1.55,0
94,16/10/2022,14:00,10,15,0,0,D,15,9,2,2,4,4,1.95,3.8,3.5,0
95,16/10/2022,14:00,17,19,1,1,D,10,25,8,4,4,14,2.9,3.4,2.4,0
96,16/10/2022,16:30,12,13,1,0,H,13,16,2,6,5,6,3.6,4.0,1.9,0
97,18/10/2022,19:30,5,16,0,0,D,19,3,7,0,9,1,1.4,4.75,7.0,0
98,18/10/2022,20:15,7,20,2,1,H,14,10,4,4,4,3,2.25,3.1,3.4,0
99,19/10/2022,19:30,3,17,0,1,A,15,9,3,3,7,3,2.62,3.3,2.62,0
100,19/10/2022,19:30,4,6,0,0,D,8,14,5,5,6,2,4.75,3.8,1.72,0
101,19/10/2022,19:30,12,19,1,0,H,22,8,7,3,8,3,1.4,5.0,7.0,0
102,19/10/2022,19:30,15,8,1,0,H,16,1,4,0,8,2,1.6,3.8,5.75,0
103,19/10/2022,20:15,10,18,2,0,H,28,9,10,2,8,3,2.45,3.5,2.75,0
104,20/10/2022,19:30,9,2,3,0,H,18,12,8,6,9,7,2.9,3.3,2.5,0
105,20/10/2022,20:15,11,10,2,0,H,5,14,1,2,2,9,2.25,3.6,3.0,0
106,22/10/2022,12:30,16,12,1,0,H,10,15,7,7,2,11,11.0,6.0,1.25,0
107,22/10/2022,15:00,8,7,3,0,H,9,9,6,2,3,4,2.6,3.2,2.87,0
108,22/10/2022,15:00,13,5,3,1,H,10,8,4,2,7,3,1.2,7.0,13.0,0
109,22/10/2022,17:30,6,10,1,1,D,6,13,2,6,6,4,2.05,3.5,3.5,0
110,23/10/2022,14:00,2,4,4,0,H,19,12,11,3,7,6,2.1,3.5,3.5,0
111,23/10/2022,14:00,10,9,2,3,A,14,11,5,5,3,6,2.05,3.5,3.6,0
112,23/10/2022,14:00,17,1,1,1,D,10,12,3,3,9,4,6.0,4.0,1.57,0
113,23/10/2022,14:00,20,11,0,4,A,21,5,5,4,9,2,2.25,3.25,3.25,0
114,23/10/2022,16:30,18,15,1,2,A,17,13,5,5,6,7,2.05,3.5,3.5,0
115,24/10/2022,20:00,19,3,2,0,H,20,5,4,3,5,0,1.55,4.0,6.0,0
116,29/10/2022,12:30,11,13,0,1,A,10,15,5,5,3,10,10.0,6.5,1.25,0
117,29/10/2022,15:00,3,18,2,3,A,6,23,4,7,2,19,5.0,3.8,1.7,0
118,29/10/2022,15:00,4,20,1,1,D,12,14,3,4,3,6,2.2,3.4,3.3,0
119,29/10/2022,15:00,5,6,4,1,H,19,15,9,7,8,7,3.0,3.3,2.4,0
120,29/10/2022,15:00,7,17,1,0,H,12,14,3,4,8,4,1.9,3.6,4.0,0
121,29/10/2022,15:00,15,2,4,0,H,20,3,7,0,3,0,1.8,3.75,4.5,0
122,29/10/2022,17:30,9,8,0,0,D,24,9,6,4,13,4,2.37,3.4,3.0,0
123,29/10/2022,19:45,12,10,1,2,A,22,14,10,6,14,5,1.3,6.0,9.0,0
124,30/10/2022,14:00,1,16,5,0,H,24,5,10,2,9,4,1.2,7.0,12.0,0
125,30/10/2022,16:15,10,19,1,0,H,16,13,3,5,5,10,1.66,4.0,4.8,0
126,05/11/2022,15:00,10,3,4,3,H,18,9,4,6,13,3,1.72,3.8,4.75,0
127,05/11/2022,15:00,13,9,2,1,H,16,4,5,2,9,0,1.11,9.5,19.0,0
128,05/11/2022,15:00,16,4,2,2,D,15,6,7,2,3,3,2.75,3.3,2.6,0
129,05/11/2022,15:00,20,5,2,3,A,8,19,5,8,4,9,3.3,3.3,2.25,0
130,05/11/2022,17:30,8,11,0,2,A,12,22,2,8,8,3,2.4,3.3,3.0,0
131,06/11/2022,12:00,6,1,0,1,A,5,14,1,2,4,6,2.55,3.4,2.7,0
132,06/11/2022,14:00,2,10,3,1,H,6,8,4,3,3,5,3.3,3.8,2.1,0
133,06/11/2022,14:00,17,15,1,4,A,16,7,5,4,8,2,4.0,3.6,1.9,0
134,06/11/2022,14:00,19,7,1,2,A,5,15,2,6,2,5,1.9,3.4,4.2,0
135,06/11/2022,16:30,18,12,1,2,A,14,13,5,6,5,3,3.3,3.6,2.1,0
136,12/11/2022,12:30,13,4,1,2,A,29,10,6,8,10,2,1.14,8.0,17.0,0
137,12/11/2022,15:00,3,8,3,0,H,16,15,9,3,3,5,2.8,3.25,2.6,0
138,12/11/2022,15:00,12,17,3,1,H,15,9,7,5,6,0,1.25,6.5,11.0,0
139,12/11/2022,15:00,16,7,1,0,H,9,8,2,0,1,5,3.1,3.1,2.45,0
140,12/11/2022,15:00,18,10,4,3,H,14,12,8,5,9,2,1.65,4.2,4.75,0
141,12/11/2022,15:00,19,11,0,2,A,18,9,6,6,7,2,2.05,3.4,3.75,0
142,12/11/2022,17:30,15,6,1,0,H,10,5,3,2,5,3,2.35,3.4,3.0,0
143,12/11/2022,19:45,20,1,0,2,A,11,14,2,4,6,4,6.0,4.2,1.55,0
144,13/11/2022,14:00,5,2,1,2,A,7,8,2,2,11,4,1.83,3.75,4.2,0
145,13/11/2022,16:30,9,10,1,2,A,14,14,7,9,10,3,3.8,3.8,1.9,0
146,26/12/2022,12:30,4,18,2,2,D,9,16,5,8,6,5,4.0,3.6,1.91,0
147,26/12/2022,15:00,7,9,0,3,A,4,23,0,11,1,8,2.05,3.6,3.5,0
148,26/12/2022,15:00,8,20,1,2,A,12,7,6,4,2,2,2.3,3.25,3.2,0
149,26/12/2022,15:00,11,15,0,3,A,8,12,2,5,5,5,3.25,3.5,2.2,0
150,26/12/2022,15:00,17,5,1,3,A,14,7,4,4,4,2,3.3,3.5,2.15,0
151,26/12/2022,17:30,2,12,1,3,A,12,16,6,9,0,6,4.75,4.0,1.7,0
152,26/12/2022,20:00,1,19,3,1,H,16,8,5,4,7,5,1.5,4.33,6.5,0
153,27/12/2022,17:30,6,3,2,0,H,15,9,5,4,6,8,1.3,5.5,10.0,0
154,27/12/2022,20:00,10,16,3,0,H,17,8,8,3,9,9,1.29,5.5,11.0,0
155,28/12/2022,20:00,10,13,1,3,A,9,26,1,9,3,5,9.5,6.0,1.29,0
156,30/12/2022,19:45,19,4,0,2,A,20,9,5,6,8,1,2.0,3.6,3.6,0
157,30/12/2022,20:00,12,11,2,1,H,21,7,5,2,4,5,1.29,6.0,9.5,0
158,31/12/2022,12:30,20,10,0,1,A,10,16,3,6,7,5,4.0,3.6,1.91,0
159,31/12/2022,15:00,3,7,0,2,A,6,15,2,6,2,7,2.8,3.3,2.5,0
160,31/12/2022,15:00,9,17,2,1,H,8,9,2,3,4,4,1.95,3.6,3.75,0
161,31/12/2022,15:00,13,8,1,1,D,16,2,3,1,7,1,1.13,9.0,19.0,0
162,31/12/2022,15:00,15,10,0,0,D,16,8,5,1,9,3,1.45,4.5,7.0,0
163,31/12/2022,17:30,5,1,2,4,A,9,14,5,7,7,4,3.4,3.5,2.1,0
164,01/01/2023,14:00,18,2,0,2,A,6,13,2,4,5,3,1.67,4.0,5.0,0
165,01/01/2023,16:30,16,6,1,1,D,12,7,5,2,1,2,5.0,3.8,1.7,0
166,02/01/2023,17:30,4,12,3,1,H,10,16,7,6,4,9,5.5,4.33,1.55,0
167,03/01/2023,19:45,1,15,0,0,D,17,8,4,1,5,5,1.8,3.8,4.33,0
168,03/01/2023,19:45,8,5,1,4,A,10,19,4,8,5,2,3.5,3.5,2.1,0
169,03/01/2023,19:45,11,9,0,1,A,15,11,6,2,6,3,2.2,3.6,3.1,0
170,03/01/2023,20:00,10,3,3,0,H,18,7,6,4,6,5,1.29,5.5,11.0,0
171,04/01/2023,19:30,17,16,0,1,A,8,11,0,1,6,2,2.0,3.5,3.8,0
172,04/01/2023,19:45,10,19,2,2,D,14,15,6,2,8,1,2.6,3.5,2.6,0
173,04/01/2023,20:00,2,20,1,1,D,13,10,4,3,7,8,1.95,3.6,4.0,0
174,04/01/2023,20:00,7,18,0,4,A,19,14,4,6,10,4,3.4,3.5,2.15,0
175,05/01/2023,20:00,6,13,0,1,A,8,12,2,3,3,2,5.0,4.0,1.67,0
176,12/01/2023,20:00,9,6,2,1,H,8,20,3,10,5,7,3.3,3.5,2.15,0
177,13/01/2023,20:00,2,10,2,1,H,11,16,5,4,0,11,1.91,3.6,4.0,0
178,14/01/2023,12:30,10,13,2,1,H,8,5,4,1,1,2,4.2,3.6,1.85,0
179,14/01/2023,15:00,5,12,3,0,H,16,6,9,2,7,1,3.4,3.6,2.1,0
180,14/01/2023,15:00,8,17,1,2,A,12,13,4,5,6,4,2.25,3.25,3.3,0
181,14/01/2023,15:00,16,11,2,0,H,15,6,5,1,3,5,2.7,3.3,2.63,0
182,14/01/2023,15:00,20,19,1,0,H,17,16,4,4,4,3,2.63,3.3,2.7,0
183,14/01/2023,17:30,4,3,2,0,H,12,7,4,2,5,3,1.65,4.0,5.25,0
184,15/01/2023,14:00,6,7,1,0,H,15,10,5,5,11,7,1.62,4.0,5.25,0
185,15/01/2023,14:00,15,9,1,0,H,20,5,5,0,10,5,1.5,4.33,6.5,0
186,15/01/2023,16:30,18,1,0,2,A,17,14,7,5,4,3,3.1,3.6,2.2,0
187,18/01/2023,20:00,7,10,1,1,D,10,15,5,4,3,3,4.5,3.6,1.8,0
188,19/01/2023,20:00,13,18,4,2,H,16,9,6,3,8,3,1.36,5.0,8.5,0
189,21/01/2023,12:30,12,6,0,0,D,15,11,3,2,5,5,1.85,3.75,4.0,0
190,21/01/2023,15:00,3,16,1,1,D,16,20,4,5,4,6,2.75,3.1,2.75,0
191,21/01/2023,15:00,11,5,2,2,D,9,13,2,4,5,6,3.6,3.5,2.05,0
192,21/01/2023,15:00,17,2,0,1,A,8,16,5,5,2,2,2.88,3.25,2.55,0
193,21/01/2023,15:00,19,8,2,0,H,11,5,4,2,4,9,1.8,3.75,4.75,0
194,21/01/2023,17:30,7,15,0,0,D,6,16,1,7,3,15,4.4,3.5,1.85,0
195,22/01/2023,14:00,10,4,0,0,D,9,6,5,0,2,3,2.38,3.6,2.88,0
196,22/01/2023,14:00,13,20,3,0,H,13,10,7,1,5,7,1.2,8.0,11.0,0
197,22/01/2023,16:30,1,10,3,2,H,25,6,5,4,12,4,1.8,3.8,4.2,0
198,23/01/2023,20:00,9,18,0,1,A,10,10,5,3,3,8,3.3,3.6,2.1,0
199,03/02/2023,20:00,6,9,0,0,D,12,10,3,4,6,2,1.62,4.0,5.25,0
200,04/02/2023,12:30,8,1,1,0,H,12,15,4,3,7,5,8.5,4.5,1.4,0
201,04/02/2023,15:00,2,11,2,4,A,19,9,4,5,11,3,1.95,3.6,3.8,0
202,04/02/2023,15:00,4,17,3,0,H,14,14,4,6,4,4,1.85,3.6,4.2,0
203,04/02/2023,15:00,5,3,1,0,H,20,12,6,2,7,3,1.33,5.25,8.5,0
204,04/02/2023,15:00,10,7,2,1,H,14,10,5,3,5,5,1.4,4.75,8.0,0
205,04/02/2023,15:00,20,12,3,0,H,12,22,6,4,2,7,4.0,3.8,1.85,0
206,04/02/2023,17:30,15,19,1,1,D,8,10,2,1,4,2,1.6,3.8,6.0,0
207,05/02/2023,14:00,16,10,1,0,H,6,10,2,4,0,2,2.63,3.3,2.7,0
208,05/02/2023,16:30,18,13,1,0,H,12,15,3,5,4,6,4.33,4.2,1.73,0
209,08/02/2023,20:00,10,10,2,2,D,24,8,7,2,6,5,1.45,5.0,6.0,0
210,11/02/2023,12:30,19,6,1,1,D,10,12,2,4,5,6,3.3,3.3,2.25,0
211,11/02/2023,15:00,1,4,1,1,D,23,9,7,2,7,4,1.44,4.75,7.0,0
212,11/02/2023,15:00,7,5,1,1,D,6,17,1,7,1,6,3.8,3.5,2.0,0
213,11/02/2023,15:00,9,16,2,0,H,16,10,3,1,5,4,1.91,3.5,4.33,0
214,11/02/2023,15:00,11,18,4,1,H,15,11,7,4,1,5,3.4,3.6,2.1,0
215,11/02/2023,15:00,17,20,1,2,A,17,11,2,2,5,2,2.9,3.2,2.55,0
216,11/02/2023,17:30,3,15,1,1,D,11,15,5,7,4,6,6.5,4.0,1.53,0
217,12/02/2023,14:00,10,10,0,2,A,16,11,6,5,7,3,3.75,3.8,1.91,0
218,12/02/2023,16:30,13,2,3,1,H,17,6,9,2,8,4,1.25,6.5,11.0,0
219,13/02/2023,20:00,12,8,2,0,H,15,6,6,1,3,3,1.5,4.33,6.5,0
220,15/02/2023,19:30,1,13,1,3,A,10,9,1,6,1,3,2.9,3.5,2.35,0
221,18/02/2023,12:30,2,1,2,4,A,7,20,5,5,2,9,4.5,3.6,1.5,0
222,18/02/2023,15:00,4,7,1,1,D,12,10,5,4,2,6,1.83,3.5,4.5,0
223,18/02/2023,15:00,5,9,0,1,A,21,5,7,2,10,2,1.65,3.8,5.5,0
224,18/02/2023,15:00,6,17,0,1,A,17,8,5,5,8,2,1.4,4.75,8.5,0
225,18/02/2023,15:00,8,10,1,0,H,15,8,6,0,6,4,2.4,3.3,3.0,0
226,18/02/2023,15:00,16,13,1,1,D,4,26,1,6,0,10,8.5,5.5,1.3,0
227,18/02/2023,15:00,20,3,0,1,A,15,5,4,1,12,2,1.67,3.6,6.0,0
228,18/02/2023,17:30,15,12,0,2,A,14,13,4,7,6,7,2.5,3.5,2.7,0
229,19/02/2023,14:00,10,11,3,0,H,26,19,8,3,6,6,1.62,4.33,5.25,0
230,19/02/2023,16:30,18,19,2,0,H,16,6,6,1,4,7,1.75,3.6,4.75,0
231,24/02/2023,20:00,9,20,1,1,D,10,8,5,2,4,3,2.5,3.2,3.0,0
232,25/02/2023,15:00,8,2,0,2,A,15,9,5,5,5,1,2.5,3.2,3.0,0
233,25/02/2023,15:00,10,17,1,0,H,14,8,4,2,9,2,1.95,3.5,4.0,0
234,25/02/2023,15:00,11,1,0,1,A,1,10,0,2,0,8,4.75,4.0,1.7,0
235,25/02/2023,15:00,19,16,4,0,H,18,8,5,3,12,3,1.75,3.6,5.0,0
236,25/02/2023,17:30,3,13,1,4,A,13,20,2,5,4,6,10.0,5.75,1.29,0
237,25/02/2023,19:45,7,12,0,0,D,6,12,0,4,5,3,4.75,3.8,1.73,0
238,26/02/2023,13:30,18,6,2,0,H,8,10,3,2,4,4,2.55,3.25,2.9,0
239,01/03/2023,19:45,1,8,4,0,H,15,8,5,5,5,1,1.36,4.75,10.0,0
240,01/03/2023,20:00,12,20,2,0,H,15,4,6,1,5,2,1.5,4.75,6.0,0
241,04/03/2023,12:30,13,15,2,0,H,11,5,3,2,8,4,1.45,4.5,7.0,0
242,04/03/2023,15:00,1,3,3,2,H,31,4,9,4,17,1,1.22,7.0,12.0,0
243,04/03/2023,15:00,2,7,1,0,H,8,3,1,0,2,4,2.05,3.3,3.8,0
244,04/03/2023,15:00,5,19,4,0,H,20,3,9,2,7,3,1.8,3.6,4.5,0
245,04/03/2023,15:00,6,10,1,0,H,13,11,3,2,5,7,1.62,4.0,5.5,0
246,04/03/2023,15:00,20,18,1,0,H,8,21,5,6,4,8,3.3,3.4,2.2,0
247,04/03/2023,17:30,17,11,1,0,H,11,11,5,0,3,4,2.75,3.3,2.6,0
248,05/03/2023,14:00,16,8,2,2,D,10,10,4,3,3,3,2.7,3.0,2.88,0
249,05/03/2023,16:30,12,10,7,0,H,18,8,8,4,4,3,2.38,3.6,2.88,0
250,06/03/2023,20:00,4,9,3,2,H,14,9,6,5,2,3,1.95,3.6,3.75,0
251,11/03/2023,12:30,3,12,1,0,H,5,15,2,6,3,8,7.5,5.0,1.4,0
252,11/03/2023,15:00,8,4,1,0,H,13,12,6,4,5,8,2.7,3.25,2.7,0
253,11/03/2023,15:00,10,5,2,2,D,12,14,4,2,4,7,3.75,3.6,1.95,0
254,11/03/2023,15:00,11,6,1,3,A,17,12,7,6,2,5,3.75,3.5,1.95,0
255,11/03/2023,15:00,18,16,3,1,H,15,9,7,5,2,10,1.44,4.75,7.0,0
256,11/03/2023,17:30,7,13,0,1,A,4,14,0,4,2,6,9.0,4.75,1.36,0
257,12/03/2023,14:00,9,1,0,3,A,12,15,2,7,4,8,6.0,4.0,1.57,0
258,12/03/2023,14:00,10,17,0,0,D,10,17,4,4,7,8,1.36,5.0,9.0,0
259,12/03/2023,14:00,19,2,1,1,D,17,12,6,4,13,2,2.2,3.3,3.4,0
260,12/03/2023,16:30,15,20,2,1,H,19,7,8,4,10,3,1.65,3.75,5.5,0
261,15/03/2023,19:30,5,7,1,0,H,11,11,5,3,1,4,1.44,4.2,8.0,0
262,15/03/2023,19:30,17,4,0,2,A,7,11,1,5,3,3,2.88,3.25,2.5,0
263,17/03/2023,20:00,16,15,1,2,A,5,15,3,4,3,7,5.5,3.8,1.62,0
264,18/03/2023,15:00,2,3,3,0,H,20,10,9,3,9,6,1.7,3.8,5.0,0
265,18/03/2023,15:00,4,11,1,1,D,11,14,2,1,8,4,1.91,3.6,3.75,0
266,18/03/2023,15:00,17,18,3,3,D,19,17,7,3,10,3,4.75,3.6,1.75,0
267,18/03/2023,15:00,20,10,2,4,A,23,11,8,4,5,4,2.25,3.2,3.3,0
268,18/03/2023,17:30,6,8,2,2,D,20,12,7,3,8,2,1.5,4.2,7.5,0
269,19/03/2023,14:00,1,7,4,1,H,15,8,5,4,5,4,1.25,5.5,15.0,0
270,01/04/2023,12:30,13,12,4,1,H,17,4,8,1,7,1,1.62,4.2,5.0,0
271,01/04/2023,15:00,1,10,4,1,H,13,7,6,5,4,3,1.29,6.0,9.0,0
272,01/04/2023,15:00,3,9,2,1,H,12,10,7,2,4,3,2.55,3.3,2.8,0
273,01/04/2023,15:00,5,4,3,3,D,33,7,15,5,14,0,1.67,4.0,5.0,0
274,01/04/2023,15:00,7,11,2,1,H,31,3,9,2,10,1,2.5,3.25,2.9,0
275,01/04/2023,15:00,16,20,1,1,D,17,8,7,1,4,3,3.0,3.1,2.55,0
276,01/04/2023,17:30,6,2,0,2,A,27,5,8,2,13,2,1.67,3.8,5.25,0
277,02/04/2023,14:00,19,17,1,0,H,12,9,2,3,5,3,1.73,3.6,5.0,0
278,02/04/2023,16:30,15,10,2,0,H,22,6,6,1,7,4,2.4,3.4,2.9,0
279,03/04/2023,20:00,8,18,1,1,D,15,8,6,2,3,3,3.4,3.3,2.2,0
280,04/04/2023,19:45,3,5,0,2,A,14,16,3,6,5,5,6.0,4.2,1.53,0
281,04/04/2023,19:45,10,16,2,1,H,21,13,6,1,11,4,1.7,3.75,5.0,0
282,04/04/2023,19:45,11,2,1,2,A,9,15,4,5,4,8,2.55,3.3,2.75,0
283,04/04/2023,20:00,6,12,0,0,D,12,7,3,4,3,5,2.2,3.4,3.25,0
284,05/04/2023,20:00,10,4,1,0,H,18,6,3,1,12,3,1.65,4.0,5.0,0
285,05/04/2023,20:00,19,15,1,5,A,7,15,2,8,7,6,3.6,3.25,2.15,0
286,08/04/2023,12:30,10,8,2,0,H,29,15,11,1,10,4,1.5,4.33,6.5,0
287,08/04/2023,15:00,2,16,2,0,H,8,6,3,2,1,8,1.6,4.2,5.25,0
288,08/04/2023,15:00,4,15,1,2,A,12,10,6,4,6,5,3.6,3.4,2.05,0
289,08/04/2023,15:00,9,19,0,1,A,16,9,3,5,11,4,2.8,3.25,2.63,0
290,08/04/2023,15:00,11,3,0,1,A,14,19,4,7,6,6,1.83,3.75,4.2,0
291,08/04/2023,15:00,18,5,2,1,H,9,17,3,4,3,7,2.55,3.5,2.7,0
292,08/04/2023,15:00,20,6,1,0,H,9,13,4,1,8,8,4.2,3.5,1.91,0
293,08/04/2023,17:30,17,13,1,4,A,4,13,1,8,0,10,11.0,6.0,1.25,0
294,09/04/2023,14:00,10,7,1,5,A,11,16,7,8,2,4,2.1,3.4,3.6,0
295,09/04/2023,16:30,12,1,2,2,D,21,9,6,5,5,4,2.88,3.6,2.38,0
296,15/04/2023,12:30,2,15,3,0,H,16,8,6,2,7,2,3.6,3.4,2.05,0
297,15/04/2023,15:00,6,5,1,2,A,8,26,2,10,2,8,2.63,3.4,2.63,0
298,15/04/2023,15:00,8,9,1,3,A,15,21,7,7,4,8,2.05,3.4,3.7,0
299,15/04/2023,15:00,17,7,0,2,A,11,9,4,2,6,2,2.8,3.1,2.7,0
300,15/04/2023,15:00,18,3,2,3,A,24,6,8,6,8,1,1.45,4.5,7.0,0
301,15/04/2023,15:00,20,4,2,0,H,11,10,9,3,5,2,2.45,3.1,3.0,0
302,15/04/2023,17:30,13,11,3,1,H,12,10,4,4,6,2,1.14,8.5,15.0,0
303,16/04/2023,14:00,19,1,2,2,D,16,11,3,5,7,2,6.0,4.2,1.55,0
304,16/04/2023,16:30,16,10,0,2,A,6,22,0,8,4,9,5.5,4.0,1.62,0
305,17/04/2023,20:00,10,12,1,6,A,13,13,3,7,4,2,4.2,4.2,1.73,0
306,21/04/2023,20:00,1,17,3,3,D,25,8,6,6,7,2,1.2,7.0,13.0,0
307,22/04/2023,12:30,9,10,2,1,H,12,10,5,2,8,6,2.3,3.4,3.1,0
308,22/04/2023,15:00,4,2,1,1,D,6,14,5,2,8,4,2.5,3.25,2.88,0
309,22/04/2023,15:00,7,8,0,0,D,12,10,2,5,8,1,2.05,3.2,3.75,0
310,22/04/2023,15:00,11,20,2,1,H,15,16,8,3,1,7,2.38,3.3,3.0,0
311,22/04/2023,15:00,12,16,3,2,H,18,11,6,5,9,3,1.17,7.5,17.0,0
312,23/04/2023,14:00,3,19,0,4,A,17,18,5,10,8,5,2.88,3.2,2.55,0
313,23/04/2023,14:00,15,18,6,1,H,25,11,8,3,9,3,1.83,3.75,4.2,0
314,25/04/2023,19:30,20,7,2,0,H,9,14,3,4,6,11,2.45,3.2,3.0,0
315,25/04/2023,19:45,2,9,1,0,H,14,1,3,0,8,2,1.75,4.0,4.2,0
316,25/04/2023,20:00,10,11,1,1,D,13,15,3,3,3,6,2.3,3.5,3.0,0
317,26/04/2023,19:30,16,5,3,1,H,12,17,5,7,2,7,6.0,4.2,1.53,0
318,26/04/2023,19:45,6,4,0,2,A,15,7,4,1,5,2,1.7,4.0,4.75,0
319,26/04/2023,19:45,19,12,1,2,A,7,20,2,4,3,6,3.9,3.9,1.85,0
320,26/04/2023,20:00,13,1,4,1,H,14,8,9,2,1,3,1.55,4.5,5.25,0
321,27/04/2023,19:45,8,15,1,4,A,13,15,5,8,3,14,4.75,3.6,1.73,0
322,27/04/2023,19:45,17,3,0,1,A,11,16,2,2,6,4,2.25,3.4,3.2,0
323,27/04/2023,20:15,18,10,2,2,D,18,17,7,8,6,8,2.8,3.6,2.4,0
324,29/04/2023,12:30,7,19,4,3,H,16,8,6,4,8,5,2.63,3.25,2.75,0
325,29/04/2023,15:00,4,16,2,1,H,14,5,8,3,6,0,1.65,3.8,5.5,0
326,29/04/2023,15:00,5,20,6,0,H,22,10,8,2,2,5,1.5,4.33,6.5,0
327,30/04/2023,14:00,3,10,4,1,H,12,15,7,6,2,6,2.55,3.5,2.7,0
328,30/04/2023,14:00,9,13,1,2,A,4,12,1,9,2,5,12.0,6.0,1.25,0
329,30/04/2023,14:00,10,2,1,0,H,14,7,6,1,1,4,1.73,3.9,4.6,0
330,30/04/2023,14:00,15,17,3,1,H,22,4,5,3,11,2,1.3,5.25,10.0,0
331,30/04/2023,16:30,12,18,4,3,H,12,10,4,7,5,2,1.53,4.5,5.75,0
332,01/05/2023,20:00,11,8,2,2,D,15,23,6,8,2,9,2.0,3.5,3.75,0
333,02/05/2023,20:00,1,6,3,1,H,16,7,10,4,7,2,1.6,4.0,5.5,0
334,03/05/2023,20:00,12,9,1,0,H,15,9,3,3,7,5,1.25,5.75,11.0,0
335,03/05/2023,20:00,13,19,3,0,H,16,6,7,2,6,3,1.2,7.0,13.0,0
336,04/05/2023,20:00,5,10,1,0,H,22,16,6,5,8,6,1.95,3.5,3.75,0
337,06/05/2023,15:00,3,6,1,3,A,10,11,4,5,7,7,3.3,3.5,2.15,0
338,06/05/2023,15:00,13,10,2,1,H,18,4,6,2,10,1,1.17,8.5,15.0,0
339,06/05/2023,15:00,18,7,1,0,H,8,7,3,2,8,4,1.8,3.8,4.2,0
340,06/05/2023,15:00,20,2,1,0,H,6,16,2,3,5,6,2.88,3.3,2.5,0
341,06/05/2023,17:30,12,4,1,0,H,15,5,5,1,7,3,1.44,5.0,6.0,0
342,07/05/2023,16:30,15,1,0,2,A,12,10,5,6,9,4,2.45,3.75,2.63,0
343,07/05/2023,19:00,19,10,1,0,H,15,19,4,4,5,6,3.4,3.75,2.05,0
344,08/05/2023,15:00,9,11,5,3,H,17,18,7,9,2,7,2.63,3.5,2.6,0
345,08/05/2023,17:30,5,8,1,5,A,23,10,5,5,15,1,1.33,5.25,9.0,0
346,08/05/2023,20:00,16,17,4,3,H,9,19,4,5,2,11,2.1,3.6,3.4,0
347,13/05/2023,12:30,10,15,2,2,D,9,18,4,5,2,6,4.33,4.2,1.7,0
348,13/05/2023,15:00,2,18,2,1,H,8,5,4,2,8,3,2.25,3.6,2.9,0
349,13/05/2023,15:00,6,16,2,2,D,14,11,6,2,2,5,1.5,4.5,6.0,0
350,13/05/2023,15:00,7,3,2,0,H,17,5,5,0,11,2,1.83,3.6,4.2,0
351,13/05/2023,15:00,10,20,2,0,H,27,5,9,0,11,7,1.36,5.0,7.5,0
352,13/05/2023,15:00,17,9,0,2,A,5,9,1,4,1,8,2.75,3.3,2.5,0
353,14/05/2023,14:00,4,19,2,0,H,24,4,10,4,7,5,2.0,3.5,3.6,0
354,14/05/2023,14:00,8,13,0,3,A,7,9,3,4,8,6,9.0,4.75,1.36,0
355,14/05/2023,16:30,1,5,0,3,A,14,12,2,6,5,2,1.73,4.2,4.2,0
356,15/05/2023,20:00,11,12,0,3,A,4,16,4,5,4,4,5.25,4.33,1.57,0
357,18/05/2023,19:30,15,5,4,1,H,22,8,9,2,6,1,2.0,3.8,3.5,0
358,20/05/2023,12:30,18,4,1,3,A,22,11,8,4,8,2,1.83,3.9,4.0,0
359,20/05/2023,15:00,3,10,0,1,A,10,20,4,5,3,6,6.0,4.75,1.5,0
360,20/05/2023,15:00,9,7,2,2,D,11,11,4,5,7,4,2.45,3.4,2.9,0
361,20/05/2023,15:00,12,2,1,1,D,10,6,5,3,9,4,1.45,5.0,6.25,0
362,20/05/2023,15:00,20,8,1,1,D,13,19,5,4,1,7,2.75,3.3,2.6,0
363,20/05/2023,17:30,16,1,1,0,H,6,11,2,3,3,6,5.25,4.33,1.57,0
364,21/05/2023,13:30,19,10,3,1,H,19,12,9,3,9,5,2.4,3.5,2.88,0
365,21/05/2023,14:00,5,17,3,1,H,26,5,8,1,4,3,1.22,7.0,11.0,0
366,21/05/2023,16:00,13,6,1,0,H,15,13,2,6,5,2,1.25,6.0,11.0,0
367,22/05/2023,20:00,15,11,0,0,D,23,1,4,1,12,1,1.36,5.5,7.0,0
368,24/05/2023,20:00,5,13,1,1,D,20,13,7,4,5,1,4.0,4.33,1.75,0
369,25/05/2023,20:00,10,6,4,1,H,18,14,9,5,3,4,1.6,4.33,5.0,0
370,28/05/2023,16:30,1,20,5,0,H,14,6,8,0,8,4,1.36,5.25,8.0,0
371,28/05/2023,16:30,2,5,2,1,H,12,8,5,4,4,3,2.0,3.6,3.5,0
372,28/05/2023,16:30,4,13,1,0,H,11,17,4,3,3,4,3.8,4.0,1.83,0
373,28/05/2023,16:30,6,15,1,1,D,22,13,5,4,10,3,2.9,3.5,2.38,0
374,28/05/2023,16:30,7,16,1,1,D,16,7,4,4,5,4,1.67,4.0,5.0,0
375,28/05/2023,16:30,8,3,1,0,H,13,7,6,2,9,3,1.5,4.5,6.5,0
376,28/05/2023,16:30,10,18,1,4,A,19,11,2,7,12,3,2.75,3.8,2.3,0
377,28/05/2023,16:30,11,19,2,1,H,13,16,4,3,3,5,1.91,3.8,3.6,0
378,28/05/2023,16:30,10,9,2,1,H,21,10,8,3,5,4,1.5,4.33,6.0,0
379,28/05/2023,16:30,17,12,4,4,D,15,30,10,8,2,9,6.5,4.75,1.44,0
380,13/08/2021,20:00,4,1,2,0,H,8,22,3,4,2,5,4.0,3.4,1.95,1
381,14/08/2021,12:30,10,10,5,1,H,16,10,8,3,5,4,1.53,4.5,5.75,1
382,14/08/2021,15:00,21,5,1,2,A,14,14,3,8,7,6,3.1,3.1,2.45,1
383,14/08/2021,15:00,6,7,3,0,H,13,4,6,1,5,2,1.25,5.75,13.0,1
384,14/08/2021,15:00,8,17,3,1,H,14,6,6,3,6,8,1.9,3.5,4.0,1
385,14/08/2021,15:00,11,20,1,0,H,9,17,5,3,5,4,1.66,3.8,5.25,1
386,14/08/2021,15:00,23,2,3,2,H,13,11,7,2,2,4,3.1,3.2,2.37,1
387,14/08/2021,17:30,22,12,0,3,A,14,19,3,8,3,11,9.0,5.75,1.3,1
388,15/08/2021,14:00,15,19,2,4,A,17,8,3,9,7,6,3.2,3.5,2.2,1
389,15/08/2021,16:30,18,13,1,0,H,13,18,3,4,3,11,5.5,4.2,1.6,1
390,21/08/2021,12:30,12,21,2,0,H,27,9,9,3,8,4,1.18,7.5,13.0,1
391,21/08/2021,15:00,2,15,2,0,H,10,9,2,1,3,4,1.8,3.75,4.33,1
392,21/08/2021,15:00,7,4,0,0,D,7,14,2,3,3,5,2.55,3.2,2.87,1
393,21/08/2021,15:00,10,8,2,2,D,17,17,4,8,8,5,2.37,3.4,3.0,1
394,21/08/2021,15:00,13,22,5,0,H,16,1,4,0,6,1,1.08,11.0,26.0,1
395,21/08/2021,17:30,5,23,2,0,H,13,10,3,1,7,2,1.7,3.5,5.75,1
396,22/08/2021,14:00,17,10,1,1,D,8,15,3,4,7,7,5.5,4.2,1.57,1
397,22/08/2021,14:00,20,18,0,1,A,25,8,6,6,5,4,3.2,3.2,2.35,1
398,22/08/2021,16:30,1,6,0,2,A,6,22,3,5,9,8,4.75,3.75,1.72,1
399,23/08/2021,20:00,19,11,4,1,H,13,5,7,1,10,0,2.5,3.5,2.75,1
400,28/08/2021,12:30,13,1,5,0,H,25,1,10,0,14,0,1.25,6.0,12.0,1
401,28/08/2021,15:00,2,4,1,1,D,7,9,5,2,3,2,1.95,3.6,3.8,1
402,28/08/2021,15:00,5,8,0,2,A,14,14,3,5,4,5,2.3,3.2,3.3,1
403,28/08/2021,15:00,15,17,2,2,D,10,22,5,6,4,4,2.5,3.4,2.8,1
404,28/08/2021,15:00,22,11,1,2,A,14,9,4,3,9,9,4.5,3.5,1.85,1
405,28/08/2021,15:00,19,7,2,2,D,14,9,4,2,5,3,1.55,4.0,6.5,1
406,28/08/2021,17:30,12,6,1,1,D,24,6,7,3,12,3,2.45,3.3,2.9,1
407,29/08/2021,14:00,21,10,1,1,D,12,12,3,2,5,5,3.1,3.5,2.25,1
408,29/08/2021,14:00,18,23,1,0,H,15,9,8,2,10,3,1.36,4.75,9.0,1
409,29/08/2021,16:30,20,10,0,1,A,15,10,6,3,5,7,5.0,3.5,1.75,1
410,11/09/2021,12:30,7,18,3,0,H,18,2,4,1,8,2,4.2,3.5,1.9,1
411,11/09/2021,15:00,1,22,1,0,H,30,10,7,1,8,4,1.5,4.6,6.0,1
412,11/09/2021,15:00,4,5,0,1,A,7,4,1,2,1,6,2.8,3.2,2.62,1
413,11/09/2021,15:00,11,13,0,1,A,6,25,1,8,5,8,6.0,4.0,1.57,1
414,11/09/2021,15:00,10,15,4,1,H,21,12,7,3,7,3,1.18,7.5,15.0,1
415,11/09/2021,15:00,17,19,0,0,D,11,13,3,3,5,4,2.9,3.5,2.4,1
416,11/09/2021,15:00,23,20,0,2,A,6,14,2,5,6,8,3.4,3.2,2.25,1
417,11/09/2021,17:30,6,2,3,0,H,12,18,4,6,4,11,1.28,5.5,11.0,1
418,12/09/2021,16:30,10,12,0,3,A,9,30,4,9,2,11,4.33,4.0,1.75,1
419,13/09/2021,20:00,8,21,3,1,H,14,11,6,6,4,6,1.7,3.75,5.0,1
420,17/09/2021,20:00,15,10,1,1,D,17,22,7,9,4,5,3.0,3.6,2.3,1
421,18/09/2021,12:30,20,4,0,2,A,11,9,0,3,4,2,1.83,3.25,5.0,1
422,18/09/2021,15:00,21,1,0,1,A,18,13,3,3,8,3,3.8,3.6,1.95,1
423,18/09/2021,15:00,12,7,3,0,H,25,13,10,2,10,5,1.2,7.0,13.0,1
424,18/09/2021,15:00,13,17,0,0,D,18,10,1,2,8,5,1.12,9.5,17.0,1
425,18/09/2021,15:00,22,23,1,3,A,12,12,5,8,4,8,2.15,3.3,3.5,1
426,18/09/2021,17:30,2,8,3,0,H,15,11,3,1,5,4,2.4,3.3,3.0,1
427,19/09/2021,14:00,5,11,2,1,H,12,14,5,3,4,9,2.7,3.2,2.75,1
428,19/09/2021,14:00,19,10,1,2,A,13,17,4,10,2,11,4.33,4.0,1.75,1
429,19/09/2021,16:30,18,6,0,3,A,8,20,2,10,5,11,5.0,3.8,1.7,1
430,25/09/2021,12:30,6,13,0,1,A,5,15,0,4,4,13,2.62,3.2,2.75,1
431,25/09/2021,12:30,10,2,0,1,A,28,7,4,3,5,5,1.36,5.25,8.0,1
432,25/09/2021,15:00,8,22,2,0,H,11,10,4,2,6,4,1.61,3.8,5.75,1
433,25/09/2021,15:00,10,19,1,2,A,15,20,5,7,5,7,3.0,3.6,2.25,1
434,25/09/2021,15:00,11,21,2,2,D,22,9,5,3,8,4,1.57,4.0,6.0,1
435,25/09/2021,15:00,23,15,1,1,D,15,20,4,6,5,6,2.2,3.4,3.3,1
436,25/09/2021,17:30,4,12,3,3,D,12,16,4,6,2,11,7.0,4.5,1.45,1
437,26/09/2021,14:00,17,20,0,1,A,18,5,6,3,5,5,2.62,3.2,2.8,1
438,26/09/2021,16:30,1,18,3,1,H,12,10,7,4,4,4,2.15,3.3,3.5,1
439,27/09/2021,20:00,7,5,1,1,D,8,8,3,4,6,5,3.1,3.2,2.45,1
440,02/10/2021,12:30,10,8,1,1,D,13,12,6,2,10,1,1.45,4.33,7.5,1
441,02/10/2021,15:00,21,22,0,0,D,14,10,4,2,9,5,1.85,3.6,4.33,1
442,02/10/2021,15:00,6,17,3,1,H,20,6,9,2,7,2,1.36,4.75,9.0,1
443,02/10/2021,15:00,10,23,1,0,H,20,5,4,1,6,3,1.7,4.0,4.75,1
444,02/10/2021,15:00,20,15,2,1,H,7,8,3,2,0,4,1.61,4.2,5.25,1
445,02/10/2021,17:30,5,1,0,0,D,21,8,2,2,8,5,3.0,3.25,2.4,1
446,03/10/2021,14:00,7,11,2,2,D,18,9,4,5,1,3,3.1,3.4,2.3,1
447,03/10/2021,14:00,18,2,2,1,H,17,14,8,3,5,8,2.1,3.6,3.4,1
448,03/10/2021,14:00,19,4,1,2,A,18,13,5,6,11,6,1.75,3.75,4.75,1
449,03/10/2021,16:30,12,13,2,2,D,6,12,4,3,3,4,2.87,3.5,2.4,1
450,16/10/2021,12:30,23,12,0,5,A,6,19,2,8,1,9,8.5,5.5,1.33,1
451,16/10/2021,15:00,2,20,2,3,A,14,9,5,4,6,7,2.15,3.25,3.5,1
452,16/10/2021,15:00,11,10,4,2,H,22,18,11,6,4,3,3.5,3.6,2.05,1
453,16/10/2021,15:00,13,21,2,0,H,15,7,6,2,6,2,1.12,9.0,19.0,1
454,16/10/2021,15:00,22,5,0,0,D,15,11,3,3,8,4,3.6,3.4,2.1,1
455,16/10/2021,15:00,17,10,1,0,H,19,3,5,0,8,1,2.3,3.5,3.0,1
456,16/10/2021,17:30,4,6,0,1,A,17,5,7,1,5,5,6.5,3.8,1.57,1
457,17/10/2021,14:00,8,19,0,1,A,15,16,2,4,7,9,2.5,3.4,2.8,1
458,17/10/2021,16:30,15,18,2,3,A,7,14,1,4,2,9,3.5,3.6,2.05,1
459,18/10/2021,20:00,1,7,2,2,D,17,9,6,6,6,4,1.6,3.8,6.0,1
460,22/10/2021,20:00,1,2,3,1,H,22,10,9,4,7,4,1.83,3.75,4.2,1
461,23/10/2021,12:30,6,22,7,0,H,23,3,13,1,5,0,1.18,7.0,15.0,1
462,23/10/2021,15:00,7,15,1,1,D,15,6,3,2,3,7,1.9,3.6,4.0,1
463,23/10/2021,15:00,8,23,2,5,A,15,20,4,8,3,5,1.65,3.8,5.5,1
464,23/10/2021,15:00,10,20,1,1,D,18,8,4,4,6,3,2.4,3.4,2.87,1
465,23/10/2021,15:00,17,21,2,2,D,16,9,4,5,6,2,1.95,3.5,3.9,1
466,23/10/2021,17:30,5,13,1,4,A,10,23,5,14,7,6,8.0,4.75,1.4,1
467,24/10/2021,14:00,4,11,1,2,A,15,10,5,6,9,2,2.62,3.3,2.7,1
468,24/10/2021,14:00,19,18,1,0,H,13,7,4,4,2,4,2.3,3.5,3.0,1
469,24/10/2021,16:30,10,12,0,5,A,12,19,4,8,6,3,3.1,3.6,2.2,1
470,30/10/2021,12:30,11,1,0,2,A,16,9,8,5,7,6,2.4,3.5,2.87,1
471,30/10/2021,15:00,21,4,3,1,H,15,12,6,5,4,2,2.6,3.3,2.75,1
472,30/10/2021,15:00,12,5,2,2,D,14,9,3,6,5,3,1.22,6.5,13.0,1
473,30/10/2021,15:00,13,7,0,2,A,14,8,3,3,7,1,1.14,8.0,19.0,1
474,30/10/2021,15:00,15,6,0,3,A,6,19,1,6,0,2,8.5,5.0,1.36,1
475,30/10/2021,15:00,23,17,0,1,A,10,12,4,1,5,8,3.2,3.3,2.3,1
476,30/10/2021,17:30,18,10,0,3,A,9,10,0,4,10,2,2.87,3.6,2.37,1
477,31/10/2021,14:00,22,10,1,2,A,14,13,3,6,5,0,3.4,3.5,2.1,1
478,31/10/2021,16:30,2,19,1,4,A,9,21,3,9,3,6,2.8,3.5,2.45,1
479,01/11/2021,20:00,20,8,2,1,H,10,14,4,5,4,3,2.2,3.2,3.5,1
480,05/11/2021,20:00,17,2,1,0,H,9,14,3,3,10,8,1.95,3.6,3.75,1
481,06/11/2021,12:30,10,13,0,2,A,5,16,1,5,1,9,4.75,4.0,1.7,1
482,06/11/2021,15:00,4,22,1,2,A,19,9,7,5,6,2,1.6,4.0,5.75,1
483,06/11/2021,15:00,6,21,1,1,D,25,5,4,2,14,2,1.25,6.0,12.0,1
484,06/11/2021,15:00,7,20,2,0,H,13,4,6,2,4,6,2.45,3.2,3.0,1
485,06/11/2021,17:30,5,15,1,1,D,14,6,5,1,2,5,1.57,3.9,6.0,1
486,07/11/2021,14:00,1,23,1,0,H,14,7,6,1,4,2,1.36,4.75,8.5,1
487,07/11/2021,14:00,8,18,0,0,D,12,8,2,0,4,2,3.1,3.25,2.37,1
488,07/11/2021,14:00,10,11,1,1,D,18,9,5,3,10,5,2.8,3.5,2.45,1
489,07/11/2021,16:30,19,12,3,2,H,7,16,3,5,3,2,4.75,4.0,1.7,1
490,20/11/2021,12:30,11,6,0,3,A,4,16,3,7,3,5,4.75,3.75,1.75,1
491,20/11/2021,15:00,2,5,2,0,H,9,6,5,2,5,7,2.45,3.3,2.9,1
492,20/11/2021,15:00,21,7,3,3,D,15,18,9,8,3,6,2.7,3.2,2.7,1
493,20/11/2021,15:00,15,4,3,3,D,23,10,9,4,8,2,2.62,3.4,2.7,1
494,20/11/2021,15:00,22,17,2,1,H,8,17,4,5,5,7,3.6,3.5,2.05,1
495,20/11/2021,15:00,23,10,4,1,H,20,9,7,3,9,3,6.5,4.75,1.45,1
496,20/11/2021,15:00,20,19,1,0,H,15,8,5,3,7,3,3.0,3.25,2.4,1
497,20/11/2021,17:30,12,1,4,0,H,19,5,9,3,6,1,1.45,4.75,6.5,1
498,21/11/2021,14:00,13,8,3,0,H,17,4,7,1,7,1,1.14,8.0,19.0,1
499,21/11/2021,16:30,18,10,2,1,H,13,18,4,7,4,8,1.7,4.2,4.5,1
500,27/11/2021,12:30,1,15,2,0,H,24,9,6,5,4,4,1.44,4.75,7.0,1
501,27/11/2021,15:00,7,2,1,2,A,8,10,3,3,7,3,2.2,3.4,3.3,1
502,27/11/2021,15:00,12,17,4,0,H,20,7,6,3,5,7,1.28,6.0,9.0,1
503,27/11/2021,15:00,22,20,0,0,D,14,5,4,2,4,3,3.5,3.3,2.15,1
504,27/11/2021,17:30,5,10,0,0,D,20,11,4,4,6,1,2.05,3.4,3.75,1
505,28/11/2021,14:00,4,8,1,0,H,6,14,4,5,3,3,2.25,3.2,3.4,1
506,28/11/2021,14:00,11,23,4,2,H,18,16,8,5,8,6,1.61,4.0,5.5,1
507,28/11/2021,14:00,13,19,2,1,H,19,5,9,3,8,4,1.28,5.75,10.0,1
508,28/11/2021,16:30,6,10,1,1,D,24,3,6,2,15,2,1.57,4.0,6.0,1
509,30/11/2021,19:30,15,22,1,1,D,9,16,1,6,2,5,1.95,3.5,3.9,1
510,30/11/2021,20:15,10,7,1,0,H,15,9,3,1,7,4,2.4,3.3,3.0,1
511,01/12/2021,19:30,17,11,2,2,D,15,15,7,6,2,4,2.37,3.5,2.87,1
512,01/12/2021,19:30,23,6,1,2,A,13,8,6,4,6,0,10.0,5.25,1.3,1
513,01/12/2021,19:30,19,5,1,1,D,14,9,6,3,9,5,1.95,3.6,3.8,1
514,01/12/2021,19:30,20,21,0,0,D,16,6,2,1,5,5,1.85,3.5,4.33,1
515,01/12/2021,20:15,2,13,1,2,A,9,17,3,7,4,11,9.0,5.25,1.33,1
516,01/12/2021,20:15,8,12,1,4,A,8,16,2,7,3,11,7.5,5.25,1.36,1
517,02/12/2021,19:30,18,4,2,0,H,11,6,6,2,11,5,1.6,4.2,5.25,1
518,02/12/2021,20:15,10,1,3,2,H,14,17,10,8,3,8,1.95,3.75,3.75,1
519,04/12/2021,12:30,19,6,3,2,H,11,19,5,7,1,9,4.75,3.6,1.75,1
520,04/12/2021,15:00,15,21,1,0,H,19,10,4,1,10,3,2.3,3.3,3.2,1
521,04/12/2021,15:00,17,5,1,1,D,14,14,4,4,6,2,2.45,3.2,3.0,1
522,04/12/2021,15:00,20,12,0,1,A,3,17,1,5,2,8,8.0,4.75,1.4,1
523,04/12/2021,17:30,23,13,1,3,A,11,26,4,13,5,11,12.0,7.0,1.2,1
524,05/12/2021,14:00,10,4,2,2,D,13,9,6,3,5,1,1.95,3.6,3.8,1
525,05/12/2021,14:00,10,7,1,0,H,16,8,3,2,9,6,1.5,4.33,6.5,1
526,05/12/2021,14:00,18,22,3,0,H,17,10,7,1,6,4,1.36,5.0,8.5,1
527,05/12/2021,16:30,2,11,2,1,H,13,12,4,5,3,6,2.37,3.4,3.0,1
528,06/12/2021,20:00,8,1,2,1,H,11,10,5,3,3,3,3.4,3.5,2.1,1
529,10/12/2021,20:00,4,23,2,1,H,14,6,5,2,8,2,2.25,3.3,3.3,1
530,11/12/2021,12:30,13,20,1,0,H,24,2,10,1,14,1,1.14,8.0,19.0,1
531,11/12/2021,15:00,1,17,3,0,H,15,11,5,6,9,8,1.61,4.0,5.5,1
532,11/12/2021,15:00,6,10,3,2,H,16,12,6,5,5,2,1.25,5.75,12.0,1
533,11/12/2021,15:00,12,2,1,0,H,20,4,5,0,11,3,1.2,7.0,13.0,1
534,11/12/2021,17:30,22,10,0,1,A,11,13,5,5,8,6,7.0,4.5,1.45,1
535,12/12/2021,14:00,21,19,0,0,D,9,16,1,3,6,4,3.6,3.6,2.0,1
536,12/12/2021,14:00,11,15,4,0,H,8,12,5,3,4,6,1.66,4.1,4.75,1
537,12/12/2021,16:30,7,8,3,1,H,17,12,6,6,8,2,2.3,3.2,3.3,1
538,14/12/2021,19:45,22,2,0,2,A,7,17,3,6,7,10,3.3,3.3,2.25,1
539,14/12/2021,20:00,13,10,7,0,H,31,6,15,3,6,2,1.14,8.5,15.0,1
540,15/12/2021,19:30,5,20,0,1,A,12,8,2,5,7,4,2.25,3.1,3.5,1
541,15/12/2021,19:30,7,17,2,2,D,9,15,6,4,4,6,2.15,3.3,3.5,1
542,15/12/2021,20:00,1,19,2,0,H,21,7,8,1,5,2,2.1,3.6,3.3,1
543,16/12/2021,19:45,6,8,1,1,D,23,5,10,3,7,1,1.22,6.5,13.0,1
544,16/12/2021,20:00,12,15,3,1,H,23,4,8,2,11,0,1.12,9.0,19.0,1
545,18/12/2021,17:30,10,1,1,4,A,9,21,2,12,1,4,3.9,3.8,1.83,1
546,19/12/2021,14:00,15,13,0,4,A,5,18,1,7,3,6,13.0,7.5,1.18,1
547,19/12/2021,14:00,20,6,0,0,D,4,8,1,1,4,9,7.0,4.2,1.5,1
548,19/12/2021,16:30,18,12,2,2,D,10,18,5,6,6,4,5.25,4.75,1.53,1
549,26/12/2021,15:00,13,11,6,3,H,17,14,9,8,14,4,1.18,7.5,13.0,1
550,26/12/2021,15:00,22,1,0,5,A,4,16,2,6,3,5,8.0,4.75,1.4,1
551,26/12/2021,15:00,18,7,3,0,H,17,4,6,0,4,2,1.72,3.8,4.75,1
552,26/12/2021,15:00,19,17,2,3,A,11,11,5,6,10,2,1.8,3.9,4.2,1
553,26/12/2021,17:30,2,6,1,3,A,8,10,1,4,2,5,5.25,3.8,1.65,1
554,26/12/2021,20:00,5,4,2,0,H,15,16,5,6,6,9,1.9,3.4,4.2,1
555,27/12/2021,20:00,15,10,1,1,D,13,13,8,4,2,4,6.5,4.75,1.44,1
556,28/12/2021,15:00,7,22,3,0,H,19,12,6,3,8,8,1.65,3.75,5.5,1
557,28/12/2021,15:00,17,18,1,1,D,9,21,2,11,3,7,3.75,3.5,2.0,1
558,28/12/2021,15:00,23,19,1,4,A,14,13,5,6,4,5,3.4,3.6,2.1,1
559,28/12/2021,20:00,11,12,1,0,H,6,21,1,4,1,12,8.0,5.5,1.33,1
560,29/12/2021,19:30,6,5,1,1,D,11,18,5,6,10,8,1.4,4.5,7.5,1
561,29/12/2021,20:15,4,13,0,1,A,6,12,2,3,3,5,19.0,8.0,1.14,1
562,30/12/2021,20:15,10,21,3,1,H,18,10,6,3,7,5,1.36,5.0,9.0,1
563,01/01/2022,12:30,1,13,1,2,A,7,15,2,2,5,5,5.75,4.75,1.5,1
564,01/01/2022,15:00,23,18,0,1,A,6,21,4,9,3,7,5.0,4.2,1.61,1
565,01/01/2022,17:30,7,19,2,3,A,22,10,6,5,9,1,3.1,3.4,2.3,1
566,02/01/2022,14:00,4,2,2,1,H,10,16,4,5,3,7,3.0,3.3,2.4,1
567,02/01/2022,14:00,8,5,2,3,A,17,12,6,5,8,5,2.75,3.2,2.62,1
568,02/01/2022,14:00,10,21,3,1,H,22,8,7,2,9,3,2.05,3.5,3.5,1
569,02/01/2022,16:30,6,12,2,2,D,15,10,6,6,6,7,3.1,3.5,2.25,1
570,03/01/2022,17:30,10,20,0,1,A,9,19,2,6,3,8,1.53,4.33,6.0,1
571,11/01/2022,19:45,17,4,4,1,H,12,5,6,4,5,2,2.05,3.4,3.6,1
572,12/01/2022,19:45,19,22,2,0,H,13,7,5,3,11,2,1.28,5.5,10.0,1
573,14/01/2022,20:00,5,7,1,1,D,19,3,4,1,9,0,2.05,3.3,3.8,1
574,15/01/2022,12:30,13,6,1,0,H,11,4,6,1,9,1,1.65,4.0,5.0,1
575,15/01/2022,15:00,15,23,1,1,D,12,18,1,5,4,6,2.0,3.6,3.6,1
576,15/01/2022,15:00,22,8,2,1,H,14,12,3,5,8,8,3.75,3.5,2.0,1
577,15/01/2022,15:00,20,17,3,1,H,9,13,5,10,2,10,2.25,3.2,3.4,1
578,15/01/2022,17:30,2,10,2,2,D,13,13,9,6,3,6,2.87,3.5,2.4,1
579,16/01/2022,14:00,12,4,3,0,H,27,6,13,1,9,0,1.3,5.5,10.0,1
580,16/01/2022,14:00,19,10,2,3,A,15,18,5,5,4,3,1.61,4.2,5.0,1
581,18/01/2022,20:00,5,6,1,1,D,10,15,2,3,5,7,4.75,3.75,1.72,1
582,19/01/2022,19:30,11,18,2,3,A,14,27,4,10,3,8,3.0,3.5,2.3,1
583,19/01/2022,20:00,4,10,1,3,A,18,13,8,5,6,9,4.5,3.7,1.8,1
584,21/01/2022,20:00,23,22,0,3,A,15,7,4,2,5,1,2.0,3.5,3.75,1
585,22/01/2022,12:30,8,2,0,1,A,15,8,1,3,9,2,2.75,3.25,2.62,1
586,22/01/2022,15:00,4,20,1,2,A,11,7,1,2,6,3,3.2,2.8,2.6,1
587,22/01/2022,15:00,10,15,0,1,A,13,15,4,3,6,7,2.0,3.5,3.75,1
588,22/01/2022,15:00,10,19,1,0,H,18,6,3,1,3,3,1.85,3.8,4.0,1
589,22/01/2022,17:30,17,13,1,1,D,7,20,3,5,2,11,10.0,6.5,1.25,1
590,23/01/2022,14:00,1,21,0,0,D,20,10,5,1,12,4,1.36,4.75,9.0,1
591,23/01/2022,14:00,7,12,1,3,A,8,15,5,7,2,5,6.0,4.2,1.53,1
592,23/01/2022,14:00,11,5,1,1,D,15,14,5,5,4,5,2.5,3.25,2.9,1
593,23/01/2022,16:30,6,18,2,0,H,15,6,7,3,10,3,1.61,4.2,5.0,1
594,05/02/2022,18:00,21,23,0,0,D,13,11,2,5,4,7,2.2,3.25,3.5,1
595,08/02/2022,19:45,15,8,3,1,H,20,11,9,3,6,2,2.5,3.25,2.87,1
596,08/02/2022,19:45,19,23,1,0,H,9,6,3,1,5,6,1.55,4.2,5.75,1
597,08/02/2022,20:00,21,10,1,1,D,9,22,3,5,2,10,5.5,4.0,1.61,1
598,09/02/2022,19:45,13,4,2,0,H,15,6,7,2,9,3,1.1,9.5,23.0,1
599,09/02/2022,19:45,22,7,1,1,D,5,13,1,5,4,6,3.5,3.25,2.15,1
600,09/02/2022,19:45,18,17,2,3,A,8,23,3,10,2,8,1.6,4.0,5.5,1
601,09/02/2022,20:00,2,10,3,3,D,12,16,4,8,6,11,1.8,3.8,4.2,1
602,10/02/2022,19:45,12,11,2,0,H,22,5,11,1,7,6,1.25,6.5,10.0,1
603,10/02/2022,19:45,20,1,0,1,A,15,12,4,2,7,4,3.5,3.2,2.2,1
604,12/02/2022,12:30,10,17,1,1,D,12,13,8,4,1,4,1.6,4.0,5.5,1
605,12/02/2022,15:00,4,7,0,0,D,9,6,2,3,3,9,2.55,3.1,3.0,1
606,12/02/2022,15:00,8,10,3,0,H,21,7,10,0,5,3,2.25,3.5,3.0,1
607,12/02/2022,15:00,23,5,0,2,A,9,11,1,6,4,5,3.5,3.3,2.05,1
608,12/02/2022,17:30,22,13,0,4,A,8,22,3,9,4,12,15.0,8.0,1.16,1
609,13/02/2022,14:00,21,12,0,1,A,8,12,5,4,5,8,10.0,5.25,1.28,1
610,13/02/2022,14:00,15,2,1,0,H,10,11,2,1,3,6,2.7,3.3,2.62,1
611,13/02/2022,14:00,18,20,0,2,A,17,11,7,7,7,3,1.7,3.6,5.5,1
612,13/02/2022,16:30,11,19,2,2,D,13,8,2,3,5,4,2.9,3.5,2.3,1
613,15/02/2022,20:15,10,5,2,0,H,19,10,7,3,10,2,1.72,3.75,4.75,1
614,19/02/2022,12:30,19,15,1,1,D,11,14,3,3,3,7,1.7,4.0,4.75,1
615,19/02/2022,15:00,1,4,2,1,H,24,6,8,2,14,0,1.44,4.2,8.0,1
616,19/02/2022,15:00,2,23,0,1,A,20,8,1,4,10,5,1.65,3.6,5.75,1
617,19/02/2022,15:00,5,21,0,3,A,11,10,1,4,4,4,1.66,3.5,6.0,1
618,19/02/2022,15:00,7,6,0,1,A,7,9,0,3,4,4,5.5,3.8,1.65,1
619,19/02/2022,15:00,12,22,3,1,H,29,6,8,1,9,4,1.1,9.0,23.0,1
620,19/02/2022,15:00,17,8,2,0,H,19,9,11,0,4,4,2.1,3.5,3.5,1
621,19/02/2022,17:30,13,18,2,3,A,21,6,4,5,10,0,1.28,6.0,10.0,1
622,20/02/2022,14:00,10,10,2,4,A,16,15,6,9,3,3,3.9,3.8,1.85,1
623,20/02/2022,16:30,20,11,2,1,H,11,17,3,7,7,10,2.25,3.3,3.25,1
624,23/02/2022,19:30,21,18,1,0,H,15,12,4,2,3,7,4.6,3.8,1.75,1
625,23/02/2022,19:30,23,7,1,4,A,8,7,1,5,6,4,3.1,3.3,2.3,1
626,23/02/2022,19:45,12,10,6,0,H,23,3,15,2,4,0,1.16,8.0,15.0,1
627,24/02/2022,19:45,1,20,2,1,H,26,6,5,2,5,4,1.65,3.8,5.5,1
628,25/02/2022,20:00,17,22,2,0,H,27,8,9,1,13,6,1.53,4.33,6.0,1
629,26/02/2022,12:30,10,18,0,4,A,19,15,3,11,3,6,4.2,3.6,1.85,1
630,26/02/2022,15:00,4,15,0,2,A,6,26,1,11,6,6,2.5,3.2,3.0,1
631,26/02/2022,15:00,7,21,1,1,D,11,5,4,1,5,4,1.9,3.6,4.0,1
632,26/02/2022,15:00,10,23,0,0,D,22,10,3,2,4,3,1.3,5.5,9.5,1
633,26/02/2022,15:30,5,2,0,2,A,12,9,1,4,7,2,2.2,3.3,3.5,1
634,26/02/2022,17:30,8,13,0,1,A,6,13,2,8,3,4,10.0,5.75,1.28,1
635,27/02/2022,14:00,19,20,1,0,H,13,14,4,1,3,5,2.05,3.3,3.8,1
636,01/03/2022,19:45,21,11,0,2,A,9,22,2,6,6,8,2.9,3.4,2.4,1
637,05/03/2022,12:30,11,10,1,0,H,7,19,4,4,5,10,1.75,4.0,4.2,1
638,05/03/2022,15:00,2,17,4,0,H,14,11,9,1,4,7,2.3,3.5,3.0,1
639,05/03/2022,15:00,21,6,0,4,A,6,11,1,5,5,2,6.5,4.33,1.5,1
640,05/03/2022,15:00,15,5,2,1,H,10,15,4,4,4,7,2.75,3.2,2.62,1
641,05/03/2022,15:00,22,4,1,3,A,15,10,7,6,5,5,2.9,3.1,2.5,1
642,05/03/2022,15:00,20,7,0,2,A,12,12,5,8,7,7,2.3,3.1,3.4,1
643,05/03/2022,17:30,12,19,1,0,H,22,13,5,5,4,6,1.28,5.75,9.5,1
644,06/03/2022,14:00,23,1,2,3,A,13,16,7,4,1,5,6.0,4.0,1.57,1
645,06/03/2022,16:30,13,10,4,1,H,24,5,10,2,9,3,1.4,4.75,7.5,1
646,07/03/2022,20:00,18,8,5,0,H,14,6,7,0,5,2,1.57,3.8,5.75,1
647,10/03/2022,19:30,22,6,1,3,A,9,15,3,7,3,8,11.0,4.75,1.3,1
648,10/03/2022,19:30,17,15,1,2,A,14,8,5,4,12,5,2.0,3.75,3.5,1
649,10/03/2022,19:30,20,23,4,0,H,10,9,5,0,5,2,1.75,3.6,4.5,1
650,10/03/2022,19:45,10,2,0,3,A,4,15,1,9,3,5,2.7,3.5,2.5,1
651,12/03/2022,12:30,5,12,0,2,A,8,18,3,9,7,6,6.0,4.33,1.5,1
652,12/03/2022,15:00,4,21,2,0,H,13,7,4,1,2,9,2.15,3.2,3.6,1
653,12/03/2022,17:30,10,18,3,2,H,10,10,6,3,4,5,2.2,3.4,3.25,1
654,13/03/2022,14:00,6,15,1,0,H,8,7,3,2,7,2,1.3,5.25,11.0,1
655,13/03/2022,14:00,8,20,0,1,A,8,14,2,3,5,2,2.3,3.2,3.3,1
656,13/03/2022,14:00,10,22,2,1,H,13,12,7,4,6,2,1.55,4.2,5.75,1
657,13/03/2022,14:00,17,23,1,2,A,13,9,7,5,11,3,1.6,4.2,5.25,1
658,13/03/2022,14:00,19,2,2,1,H,11,13,4,7,5,7,2.25,3.3,3.3,1
659,13/03/2022,16:30,1,11,2,0,H,21,6,8,3,2,6,1.5,4.5,6.0,1
660,14/03/2022,20:00,7,13,0,0,D,7,18,1,4,2,6,10.0,5.0,1.33,1
661,16/03/2022,19:30,5,18,0,2,A,15,17,0,7,6,3,3.3,3.3,2.25,1
662,16/03/2022,20:15,1,12,0,2,A,9,9,2,3,1,6,3.5,4.0,1.9,1
663,17/03/2022,19:45,8,15,1,0,H,9,17,3,6,5,7,2.4,3.25,3.1,1
664,18/03/2022,20:00,20,10,2,3,A,14,15,8,6,2,5,2.1,3.5,3.4,1
665,19/03/2022,12:30,2,1,0,1,A,8,10,1,3,6,5,3.0,3.3,2.4,1
666,20/03/2022,14:00,11,4,2,1,H,12,15,4,6,2,5,2.15,3.4,3.4,1
667,20/03/2022,16:30,18,19,3,1,H,17,6,4,1,5,3,1.72,3.8,4.75,1
668,02/04/2022,12:30,12,23,2,0,H,20,5,3,2,9,3,1.12,9.5,17.0,1
669,02/04/2022,15:00,5,22,0,0,D,31,6,4,0,11,2,1.5,4.0,7.0,1
670,02/04/2022,15:00,21,13,0,2,A,3,18,1,6,1,8,15.0,6.5,1.2,1
671,02/04/2022,15:00,6,4,1,4,A,21,17,8,6,12,7,1.33,5.0,10.0,1
672,02/04/2022,15:00,10,17,1,1,D,12,14,3,6,4,7,2.37,3.75,2.75,1
673,02/04/2022,15:00,20,2,2,1,H,11,15,5,5,4,9,3.0,3.1,2.55,1
674,02/04/2022,17:30,10,11,1,1,D,11,11,5,3,6,5,1.5,4.5,6.0,1
675,03/04/2022,14:00,19,8,2,1,H,11,13,5,2,2,4,1.75,3.8,4.5,1
676,03/04/2022,16:30,18,15,5,1,H,19,8,6,1,2,3,1.5,4.33,6.5,1
677,04/04/2022,20:00,7,1,3,0,H,6,12,5,3,0,2,4.0,3.4,1.95,1
678,06/04/2022,19:30,21,8,3,2,H,13,16,4,4,9,6,2.62,3.1,2.87,1
679,08/04/2022,20:00,15,20,1,0,H,12,5,4,2,1,2,2.25,3.1,3.4,1
680,09/04/2022,12:30,8,10,1,0,H,7,12,3,4,5,7,4.6,3.75,1.75,1
681,09/04/2022,15:00,1,5,1,2,A,20,8,4,3,11,2,1.61,3.8,5.75,1
682,09/04/2022,15:00,17,6,0,6,A,4,24,1,14,3,3,3.8,3.6,1.95,1
683,09/04/2022,15:00,23,10,0,3,A,8,10,1,5,3,8,2.7,3.4,2.55,1
684,09/04/2022,17:30,2,18,0,4,A,9,11,8,5,9,3,3.2,3.4,2.25,1
685,10/04/2022,14:00,4,19,2,0,H,15,5,7,1,4,6,2.62,3.3,2.62,1
686,10/04/2022,14:00,11,7,2,1,H,12,11,3,3,3,4,2.37,3.3,2.9,1
687,10/04/2022,14:00,22,21,2,0,H,17,18,6,4,6,7,2.87,3.2,2.55,1
688,10/04/2022,16:30,13,12,2,2,D,11,6,5,4,4,1,2.0,3.75,3.5,1
689,16/04/2022,12:30,18,5,0,1,A,5,12,0,5,4,4,1.53,4.0,6.5,1
690,16/04/2022,15:00,10,22,3,2,H,20,15,9,4,6,7,1.25,6.5,10.0,1
691,16/04/2022,15:00,17,1,1,0,H,9,23,3,6,6,8,3.8,3.6,1.95,1
692,16/04/2022,15:00,23,4,1,2,A,17,16,4,5,6,5,2.7,3.3,2.55,1
693,17/04/2022,14:15,15,11,2,1,H,16,8,7,2,3,5,2.2,3.4,3.3,1
694,17/04/2022,14:15,19,21,1,1,D,21,9,8,1,13,4,1.7,3.8,5.0,1
695,19/04/2022,20:00,12,10,4,0,H,14,2,5,1,10,2,1.4,5.0,7.0,1
696,20/04/2022,19:45,6,1,2,4,A,11,14,2,4,6,1,1.83,3.6,4.33,1
697,20/04/2022,19:45,8,11,1,1,D,13,11,3,3,5,4,2.25,3.4,3.25,1
698,20/04/2022,19:45,15,7,1,0,H,13,10,4,2,2,5,2.25,3.4,3.25,1
699,20/04/2022,20:00,13,5,3,0,H,17,2,5,1,7,4,1.16,7.0,17.0,1
700,21/04/2022,19:45,21,17,2,0,H,16,11,6,3,10,10,2.75,3.25,2.62,1
701,23/04/2022,12:30,1,10,3,1,H,14,14,7,5,1,7,2.05,3.5,3.5,1
702,23/04/2022,15:00,11,2,0,0,D,5,11,2,3,7,6,2.8,3.4,2.5,1
703,23/04/2022,15:00,13,23,5,1,H,21,5,8,2,11,4,1.1,10.0,26.0,1
704,23/04/2022,15:00,22,15,0,3,A,5,13,2,7,2,3,3.5,3.3,2.15,1
705,23/04/2022,17:30,4,18,0,0,D,15,9,2,0,12,8,4.33,3.5,1.85,1
706,24/04/2022,14:00,5,17,2,2,D,8,18,5,5,6,6,2.1,3.4,3.6,1
707,24/04/2022,14:00,21,20,1,0,H,14,10,5,4,3,6,2.7,3.0,2.87,1
708,24/04/2022,14:00,6,19,1,0,H,26,6,5,2,3,1,1.5,4.33,6.5,1
709,24/04/2022,16:30,12,8,2,0,H,18,9,4,1,13,1,1.18,7.0,15.0,1
710,25/04/2022,20:00,7,10,0,0,D,17,9,7,2,6,3,2.05,3.5,3.5,1
711,28/04/2022,19:45,10,6,1,1,D,6,21,3,6,2,9,3.2,3.4,2.25,1
712,30/04/2022,12:30,15,12,0,1,A,4,24,2,10,0,6,8.5,5.0,1.36,1
713,30/04/2022,15:00,2,22,2,0,H,21,9,6,3,2,3,1.4,4.5,9.0,1
714,30/04/2022,15:00,17,7,1,2,A,8,14,3,5,6,7,2.4,3.3,3.1,1
715,30/04/2022,15:00,23,21,1,2,A,13,17,1,6,5,6,2.6,3.3,2.75,1
716,30/04/2022,15:00,20,5,0,3,A,11,17,1,9,7,3,2.7,3.2,2.75,1
717,30/04/2022,17:30,10,13,0,4,A,7,19,2,6,3,6,8.5,6.0,1.3,1
718,01/05/2022,14:00,8,6,1,0,H,9,17,4,5,3,8,5.0,3.6,1.75,1
719,01/05/2022,14:00,18,11,3,1,H,13,6,7,2,7,3,1.44,4.75,7.0,1
720,01/05/2022,16:30,19,1,1,2,A,8,13,3,7,3,7,4.33,3.8,1.8,1
721,02/05/2022,20:00,10,4,3,0,H,9,12,5,4,3,8,1.72,4.0,4.5,1
722,07/05/2022,15:00,4,17,3,0,H,18,19,5,4,4,7,2.15,3.5,3.3,1
723,07/05/2022,15:00,21,2,1,3,A,14,12,6,7,4,5,3.0,3.3,2.4,1
724,07/05/2022,15:00,6,20,2,2,D,19,14,6,4,9,3,1.33,5.0,9.5,1
725,07/05/2022,15:00,7,23,1,0,H,15,6,7,1,8,5,1.65,4.0,5.0,1
726,07/05/2022,17:30,5,10,4,0,H,17,15,6,5,7,6,2.8,3.5,2.45,1
727,07/05/2022,19:45,12,18,1,1,D,22,8,3,3,11,5,1.4,5.0,7.0,1
728,08/05/2022,14:00,1,10,2,1,H,19,3,9,2,8,2,1.45,4.5,7.0,1
729,08/05/2022,14:00,11,8,1,2,A,16,10,9,4,6,1,2.6,3.3,2.75,1
730,08/05/2022,14:00,22,19,0,4,A,8,13,2,5,9,5,4.5,3.8,1.75,1
731,08/05/2022,16:30,13,15,5,0,H,21,7,9,3,8,2,1.16,7.0,17.0,1
732,10/05/2022,20:00,2,12,1,2,A,9,17,4,6,2,3,7.5,4.75,1.4,1
733,11/05/2022,19:30,10,6,0,3,A,5,17,0,4,1,5,4.75,4.2,1.65,1
734,11/05/2022,19:45,11,22,3,0,H,20,9,8,5,10,2,1.44,4.75,7.0,1
735,11/05/2022,19:45,23,8,0,0,D,6,16,0,5,1,13,4.2,3.6,1.83,1
736,11/05/2022,20:15,20,13,1,5,A,7,16,3,5,6,2,11.0,6.0,1.25,1
737,12/05/2022,19:45,18,1,3,0,H,16,8,6,4,2,2,2.05,3.75,3.5,1
738,15/05/2022,12:00,18,21,1,0,H,21,8,8,1,8,2,1.33,5.25,9.0,1
739,15/05/2022,14:00,2,7,1,1,D,13,16,4,4,1,5,2.0,3.5,3.75,1
740,15/05/2022,14:00,10,5,1,1,D,19,16,5,6,8,1,2.62,3.5,2.62,1
741,15/05/2022,14:00,23,11,1,5,A,13,13,5,7,7,3,3.8,3.5,1.95,1
742,15/05/2022,14:00,19,13,2,2,D,6,31,2,8,4,9,7.5,5.0,1.4,1
743,15/05/2022,14:00,20,22,1,1,D,17,11,4,2,5,3,1.45,4.75,6.5,1
744,15/05/2022,16:30,8,4,2,3,A,10,18,5,7,5,2,2.05,3.6,3.5,1
745,16/05/2022,20:00,15,1,2,0,H,16,11,4,2,12,8,4.33,3.6,1.83,1
746,17/05/2022,19:45,17,12,1,2,A,4,24,2,5,1,9,7.5,5.5,1.33,1
747,19/05/2022,19:45,8,7,3,2,H,12,7,6,5,4,5,1.9,3.4,4.33,1
748,19/05/2022,20:00,2,21,1,1,D,22,10,9,5,13,6,2.05,3.5,3.6,1
749,19/05/2022,20:00,6,11,1,1,D,20,2,7,1,6,0,1.4,4.75,8.0,1
750,22/05/2022,16:00,1,8,5,1,H,26,6,9,2,12,2,1.36,4.75,9.0,1
751,22/05/2022,16:00,4,10,1,2,A,14,14,5,6,3,2,2.45,3.8,2.62,1
752,22/05/2022,16:00,5,19,3,1,H,18,7,7,2,5,6,2.37,3.5,2.9,1
753,22/05/2022,16:00,21,15,1,2,A,12,8,5,6,8,2,2.25,3.4,3.2,1
754,22/05/2022,16:00,6,23,2,1,H,19,8,8,3,3,3,1.18,7.5,15.0,1
755,22/05/2022,16:00,7,10,1,0,H,6,10,3,4,3,6,3.0,3.6,2.25,1
756,22/05/2022,16:00,11,17,4,1,H,12,7,6,2,3,3,1.85,4.0,3.8,1
757,22/05/2022,16:00,12,20,3,1,H,29,7,8,5,5,3,1.14,8.5,15.0,1
758,22/05/2022,16:00,13,2,3,2,H,24,4,5,2,13,1,1.16,8.0,17.0,1
759,22/05/2022,16:00,22,18,0,5,A,9,19,0,13,3,2,9.5,6.5,1.25,1
760,12/09/2020,12:30,9,1,0,3,A,5,13,2,6,2,3,6.0,4.33,1.53,2
761,12/09/2020,15:00,7,17,1,0,H,5,9,3,5,7,3,3.1,3.25,2.37,2
762,12/09/2020,17:30,12,10,4,3,H,22,6,6,3,9,0,1.28,6.0,9.5,2
763,12/09/2020,20:00,19,15,0,2,A,15,15,3,2,8,7,2.15,3.4,3.4,2
764,13/09/2020,14:00,25,11,0,3,A,7,13,1,7,2,5,3.8,3.6,1.95,2
765,13/09/2020,16:30,18,8,0,1,A,9,15,5,4,5,3,1.83,3.6,4.33,2
766,14/09/2020,20:15,5,6,1,3,A,13,10,3,5,4,3,5.0,4.33,1.61,2
767,14/09/2020,18:00,24,20,0,2,A,9,11,2,4,12,5,3.25,3.1,2.37,2
768,19/09/2020,12:30,8,25,5,2,H,17,6,7,4,11,1,1.5,4.2,6.5,2
769,19/09/2020,15:00,10,9,4,3,H,10,14,7,6,5,3,1.61,3.9,5.75,2
770,19/09/2020,17:30,10,7,1,3,A,13,14,4,5,9,3,1.3,5.5,9.5,2
771,19/09/2020,20:00,1,19,2,1,H,7,14,3,3,7,5,1.53,4.5,5.5,2
772,20/09/2020,12:00,17,18,2,5,A,14,9,7,6,3,2,3.0,3.3,2.37,2
773,20/09/2020,14:00,15,5,0,3,A,6,13,0,6,7,1,2.6,3.1,2.87,2
774,20/09/2020,16:30,6,12,0,2,A,5,18,3,6,1,11,3.1,3.6,2.2,2
775,20/09/2020,19:00,11,21,4,2,H,14,16,6,5,15,4,1.61,4.0,5.5,2
776,21/09/2020,18:00,2,24,1,0,H,18,4,2,1,10,4,2.7,3.1,2.75,2
777,21/09/2020,20:15,20,13,1,3,A,10,14,1,9,4,6,6.5,4.33,1.5,2
778,26/09/2020,12:30,5,10,2,3,A,18,7,5,3,7,1,4.75,3.75,1.72,2
779,26/09/2020,15:00,7,8,1,2,A,8,10,1,5,7,6,3.75,3.25,2.1,2
780,26/09/2020,17:30,25,6,3,3,D,9,22,3,10,3,9,9.0,4.75,1.36,2
781,26/09/2020,20:00,21,17,0,1,A,10,5,2,1,8,2,3.2,3.3,2.3,2
782,27/09/2020,12:00,24,10,0,1,A,14,17,4,9,5,7,2.7,3.3,2.62,2
783,27/09/2020,14:00,18,15,1,1,D,23,6,12,1,10,4,1.45,4.5,7.0,2
784,27/09/2020,16:30,13,11,2,5,A,16,7,5,7,3,4,1.28,6.0,9.5,2
785,27/09/2020,19:00,19,20,4,0,H,15,11,7,2,1,3,3.6,3.5,2.05,2
786,28/09/2020,17:45,9,2,0,3,A,16,12,3,5,5,3,2.9,3.25,2.5,2
787,28/09/2020,20:00,12,1,3,1,H,21,4,8,3,7,3,1.45,4.75,6.5,2
788,03/10/2020,12:30,6,7,4,0,H,17,4,6,0,8,5,1.4,4.75,8.0,2
789,03/10/2020,15:00,8,5,4,2,H,11,11,6,3,3,10,1.72,3.75,4.8,2
790,03/10/2020,17:30,10,13,1,1,D,12,23,7,2,7,10,7.5,5.25,1.36,2
791,03/10/2020,20:00,15,21,3,1,H,10,7,5,3,3,4,2.4,3.2,3.1,2
792,04/10/2020,12:00,11,19,0,3,A,4,14,0,6,6,4,1.61,4.2,5.25,2
793,04/10/2020,12:00,17,25,2,0,H,13,5,7,2,5,1,1.72,3.8,4.75,2
794,04/10/2020,14:00,1,24,2,1,H,6,6,5,2,2,4,1.57,4.0,6.0,2
795,04/10/2020,14:00,20,9,1,0,H,14,10,5,2,6,2,1.5,4.0,7.5,2
796,04/10/2020,16:30,10,18,1,6,A,5,22,2,8,2,4,1.85,3.8,4.0,2
797,04/10/2020,19:15,2,12,7,2,H,18,14,11,8,2,7,10.0,5.5,1.3,2
798,17/10/2020,12:30,8,12,2,2,D,11,22,5,8,2,5,3.75,4.2,1.83,2
799,17/10/2020,15:00,6,17,3,3,D,11,13,5,6,6,2,1.45,4.75,6.5,2
800,17/10/2020,17:30,13,1,1,0,H,13,11,5,3,6,6,1.44,5.0,6.5,2
801,17/10/2020,20:00,15,10,1,4,A,7,28,4,14,0,7,4.75,4.0,1.66,2
802,18/10/2020,12:00,24,9,1,1,D,10,15,6,6,2,5,2.1,3.3,3.7,2
803,18/10/2020,14:00,7,5,1,1,D,1,20,1,3,2,5,2.62,3.3,2.7,2
804,18/10/2020,16:30,18,19,3,3,D,11,13,6,4,3,7,1.57,4.33,5.5,2
805,18/10/2020,19:15,11,2,0,1,A,11,10,5,4,2,7,1.83,3.8,4.1,2
806,19/10/2020,17:30,25,21,0,0,D,13,9,6,4,8,2,2.45,3.3,2.9,2
807,19/10/2020,20:00,10,20,0,1,A,13,7,2,3,8,3,2.5,3.3,2.87,2
808,23/10/2020,20:00,2,10,0,3,A,12,27,4,9,6,5,2.05,3.75,3.3,2
809,24/10/2020,12:30,19,13,1,1,D,6,14,2,7,2,10,8.0,5.25,1.36,2
810,24/10/2020,15:00,9,7,1,2,A,16,14,3,10,4,4,2.75,3.1,2.7,2
811,24/10/2020,17:30,10,6,0,0,D,14,6,4,1,9,6,2.37,3.6,2.8,2
812,24/10/2020,20:00,12,24,2,1,H,17,13,5,2,7,3,1.22,6.5,12.0,2
813,25/10/2020,14:00,17,8,2,0,H,12,6,6,2,4,5,2.75,3.4,2.55,2
814,25/10/2020,16:30,20,15,1,1,D,16,5,3,2,2,3,1.75,3.5,5.25,2
815,25/10/2020,19:15,1,11,0,1,A,12,6,4,2,9,3,1.9,3.75,3.8,2
816,26/10/2020,17:30,5,25,1,1,D,5,9,3,3,6,2,1.7,4.0,4.75,2
817,26/10/2020,20:00,21,18,0,1,A,13,9,4,3,4,5,5.75,4.0,1.6,2
818,30/10/2020,20:00,20,7,2,0,H,15,11,5,2,7,6,2.0,3.2,4.33,2
819,31/10/2020,12:30,24,13,0,1,A,5,16,1,8,2,5,9.5,6.0,1.28,2
820,31/10/2020,15:00,21,6,0,3,A,5,14,0,9,3,4,6.0,4.5,1.5,2
821,31/10/2020,17:30,12,19,2,1,H,9,4,5,3,1,2,1.36,5.25,7.5,2
822,01/11/2020,12:00,2,17,3,4,A,19,9,10,4,11,1,2.45,3.5,2.8,2
823,01/11/2020,14:00,15,8,2,1,H,11,15,4,4,5,4,3.7,3.4,2.05,2
824,01/11/2020,16:30,10,1,0,1,A,8,7,2,2,6,3,2.0,3.6,3.6,2
825,01/11/2020,19:15,18,5,2,1,H,9,6,3,2,4,5,1.61,4.0,5.5,2
826,02/11/2020,17:30,9,25,2,0,H,13,10,6,1,5,2,2.4,3.3,3.0,2
827,02/11/2020,20:00,10,11,1,4,A,11,10,4,8,10,3,2.5,3.6,2.62,2
828,06/11/2020,17:30,5,21,0,0,D,19,4,3,1,5,3,1.85,3.5,4.33,2
829,06/11/2020,20:00,17,15,2,0,H,15,4,8,2,8,3,2.0,3.6,3.7,2
830,07/11/2020,12:30,8,10,1,3,A,7,13,1,5,5,2,2.9,3.5,2.37,2
831,07/11/2020,15:00,7,10,4,1,H,10,9,6,3,3,6,2.87,3.4,2.45,2
832,07/11/2020,17:30,6,24,4,1,H,20,6,9,3,6,7,1.36,5.0,8.5,2
833,07/11/2020,20:00,19,9,1,0,H,16,13,7,3,9,5,1.83,3.75,4.2,2
834,08/11/2020,12:00,25,18,0,1,A,12,19,2,5,9,6,7.0,4.33,1.45,2
835,08/11/2020,14:00,11,20,1,0,H,10,7,3,2,6,3,2.3,3.2,3.25,2
836,08/11/2020,16:30,13,12,1,1,D,7,10,2,3,1,2,1.95,4.2,3.4,2
837,08/11/2020,19:15,1,2,0,3,A,13,15,2,6,3,8,1.65,4.1,5.0,2
838,21/11/2020,12:30,15,6,0,2,A,8,14,1,3,7,4,6.5,4.75,1.45,2
839,21/11/2020,15:00,2,5,1,2,A,15,7,4,3,12,3,2.15,3.6,3.2,2
840,21/11/2020,17:30,18,13,2,0,H,4,22,2,5,0,10,4.0,4.0,1.8,2
841,21/11/2020,20:00,10,25,1,0,H,17,7,7,2,8,2,1.3,5.5,9.5,2
842,22/11/2020,12:00,9,8,2,3,A,14,9,6,7,2,5,3.9,3.9,1.85,2
843,22/11/2020,14:00,24,19,0,1,A,9,15,5,3,2,6,3.0,3.25,2.4,2
844,22/11/2020,16:30,10,1,0,0,D,25,9,4,2,5,3,3.0,3.75,2.2,2
845,22/11/2020,19:15,12,11,3,0,H,24,11,13,4,10,3,1.85,4.0,3.8,2
846,23/11/2020,17:30,21,7,1,0,H,10,15,4,5,4,7,2.75,3.1,2.75,2
847,23/11/2020,20:00,20,17,1,1,D,20,7,9,2,7,4,2.3,3.25,3.25,2
848,27/11/2020,20:00,7,15,0,2,A,12,14,3,7,7,3,2.05,3.25,3.75,2
849,28/11/2020,12:30,5,12,1,1,D,11,6,3,2,4,3,5.5,4.2,1.57,2
850,28/11/2020,15:00,13,21,5,0,H,19,9,6,1,6,4,1.16,7.5,16.0,2
851,28/11/2020,17:30,8,10,0,1,A,15,23,8,7,4,2,1.95,3.8,3.6,2
852,28/11/2020,20:00,25,24,1,0,H,17,21,6,5,14,9,2.6,3.2,2.8,2
853,29/11/2020,14:00,17,10,2,3,A,10,15,5,6,5,9,4.0,3.5,1.95,2
854,29/11/2020,16:30,6,18,0,0,D,13,5,3,1,3,3,2.05,3.5,3.6,2
855,29/11/2020,19:15,1,20,1,2,A,13,11,2,5,8,4,2.05,3.4,3.75,2
856,30/11/2020,17:30,11,9,1,2,A,16,10,3,5,6,5,1.5,4.33,6.5,2
857,30/11/2020,20:00,19,2,2,1,H,6,16,2,6,3,7,2.25,3.6,3.0,2
858,05/12/2020,12:30,21,8,1,1,D,8,13,3,6,8,4,4.0,3.5,1.9,2
859,05/12/2020,15:00,13,9,2,0,H,16,6,6,1,9,3,1.1,11.0,19.0,2
860,05/12/2020,17:30,19,10,1,3,A,19,15,6,6,5,4,3.6,3.6,2.0,2
861,05/12/2020,20:00,6,10,3,1,H,23,8,11,3,8,4,1.5,4.5,6.0,2
862,06/12/2020,12:00,25,7,1,5,A,9,18,4,6,4,6,2.87,3.2,2.55,2
863,06/12/2020,14:15,24,11,1,2,A,4,13,1,4,6,5,3.8,3.5,1.95,2
864,06/12/2020,16:30,18,1,2,0,H,6,11,3,2,3,9,1.95,3.6,3.8,2
865,06/12/2020,19:15,12,20,4,0,H,11,9,6,3,4,6,1.5,4.33,6.5,2
866,07/12/2020,20:00,5,17,1,2,A,12,10,4,3,4,3,2.45,3.4,2.9,2
867,11/12/2020,20:00,10,19,1,2,A,13,19,7,8,5,6,2.15,3.7,3.1,2
868,12/12/2020,12:30,20,2,0,1,A,16,13,7,2,5,8,2.25,3.25,3.25,2
869,12/12/2020,15:00,15,25,2,1,H,12,13,7,3,4,3,2.45,3.2,3.0,2
870,12/12/2020,17:30,10,13,0,0,D,11,9,2,2,4,3,4.33,4.2,1.72,2
871,12/12/2020,20:00,8,6,1,0,H,9,10,4,3,6,6,4.33,4.2,1.7,2
872,13/12/2020,12:00,17,24,3,0,H,16,3,6,0,8,4,1.7,3.75,5.0,2
873,13/12/2020,14:15,7,18,1,1,D,16,14,5,6,4,7,4.5,3.9,1.72,2
874,13/12/2020,16:30,9,12,1,1,D,10,12,5,6,6,8,9.0,5.5,1.3,2
875,13/12/2020,19:15,1,21,0,1,A,18,10,6,2,13,4,1.53,4.2,6.25,2
876,13/12/2020,19:15,11,5,3,0,H,15,12,6,4,9,5,2.0,3.5,3.8,2
877,15/12/2020,18:00,20,6,2,1,H,12,13,4,3,5,6,5.25,3.8,1.66,2
878,15/12/2020,20:00,13,25,1,1,D,26,5,7,1,13,2,1.09,11.0,21.0,2
879,16/12/2020,18:00,1,17,1,1,D,9,13,4,3,2,7,2.25,3.5,3.1,2
880,16/12/2020,18:00,10,15,5,2,H,25,10,10,4,7,4,1.75,4.0,4.33,2
881,16/12/2020,18:00,11,8,0,2,A,14,11,2,6,4,6,2.15,3.6,3.25,2
882,16/12/2020,20:00,9,5,0,0,D,9,9,4,4,1,8,2.87,3.3,2.5,2
883,16/12/2020,20:00,12,18,2,1,H,17,8,11,2,7,4,1.75,3.8,4.5,2
884,16/12/2020,20:00,19,7,1,1,D,9,8,2,2,5,3,2.05,3.4,3.6,2
885,17/12/2020,18:00,2,21,0,0,D,27,6,7,4,11,1,1.75,3.8,4.5,2
886,17/12/2020,20:00,24,10,2,3,A,12,14,6,8,6,3,7.0,4.6,1.44,2
887,19/12/2020,12:30,7,12,0,7,A,5,14,3,8,5,4,6.5,4.33,1.5,2
888,19/12/2020,15:00,17,13,0,1,A,9,11,3,5,6,6,7.0,4.5,1.44,2
889,19/12/2020,17:30,8,1,2,1,H,9,13,2,2,4,3,2.45,3.5,2.8,2
890,19/12/2020,20:00,15,9,1,1,D,12,11,5,4,2,9,2.5,3.25,2.9,2
891,20/12/2020,12:00,5,24,1,1,D,21,5,5,3,14,2,1.65,3.75,5.5,2
892,20/12/2020,14:15,18,11,0,2,A,8,17,3,4,5,3,2.05,3.5,3.6,2
893,20/12/2020,16:30,10,10,6,2,H,26,17,14,3,11,13,1.66,4.33,4.5,2
894,20/12/2020,19:15,25,2,0,3,A,1,19,1,10,1,7,3.6,3.8,1.95,2
895,21/12/2020,17:30,21,20,2,1,H,10,15,4,3,1,7,3.5,3.25,2.2,2
896,21/12/2020,20:00,6,19,3,0,H,11,6,7,0,5,4,1.44,5.0,6.25,2
897,26/12/2020,12:30,11,10,2,2,D,10,9,2,4,5,0,2.9,3.6,2.3,2
898,26/12/2020,15:00,2,7,3,0,H,21,13,10,6,4,4,1.9,3.75,3.8,2
899,26/12/2020,15:00,9,17,0,0,D,10,3,1,2,6,3,3.2,3.3,2.3,2
900,26/12/2020,17:30,1,6,3,1,H,15,19,7,3,7,9,4.0,3.6,1.9,2
901,26/12/2020,20:00,13,15,2,0,H,11,7,6,2,7,3,1.11,10.0,19.0,2
902,26/12/2020,20:00,24,8,0,1,A,10,7,2,3,6,3,4.2,3.6,1.85,2
903,27/12/2020,12:00,10,21,1,0,H,11,14,4,6,4,12,1.72,4.0,4.33,2
904,27/12/2020,14:15,19,5,2,2,D,11,13,4,4,5,4,2.3,3.4,3.1,2
905,27/12/2020,16:30,12,25,1,1,D,17,5,2,3,8,3,1.11,10.0,19.0,2
906,27/12/2020,19:15,20,18,1,1,D,11,6,6,3,9,2,3.6,3.25,2.15,2
907,28/12/2020,15:00,7,11,1,1,D,4,17,1,3,2,5,3.75,3.5,2.0,2
908,28/12/2020,17:30,6,2,1,1,D,16,10,5,2,11,4,1.61,4.2,5.0,2
909,29/12/2020,18:00,5,1,0,1,A,13,11,2,3,5,4,3.25,3.5,2.2,2
910,29/12/2020,18:00,21,24,1,0,H,5,7,3,3,3,5,2.37,3.1,3.25,2
911,29/12/2020,18:00,17,19,0,0,D,8,8,3,3,4,3,2.1,3.6,3.4,2
912,29/12/2020,18:00,25,10,0,5,A,4,14,1,6,3,10,3.6,3.6,2.0,2
913,29/12/2020,20:00,10,20,1,0,H,11,9,3,5,2,2,1.53,4.2,6.25,2
914,30/12/2020,20:00,15,12,0,0,D,8,11,2,4,5,12,12.0,6.0,1.25,2
915,01/01/2021,17:30,8,19,0,1,A,10,11,2,5,5,4,2.1,3.5,3.5,2
916,01/01/2021,20:00,10,2,2,1,H,19,5,9,5,5,10,1.72,4.2,4.2,2
917,02/01/2021,12:30,18,10,3,0,H,20,18,7,5,3,5,1.75,4.1,4.2,2
918,02/01/2021,15:00,7,24,2,0,H,9,7,4,2,3,6,1.95,3.5,3.9,2
919,02/01/2021,17:30,5,20,3,3,D,13,11,4,4,5,8,2.62,3.25,2.75,2
920,02/01/2021,20:00,25,1,0,4,A,7,21,3,12,3,5,5.75,4.0,1.57,2
921,03/01/2021,14:15,15,11,1,2,A,8,9,2,3,3,6,5.25,4.2,1.61,2
922,03/01/2021,16:30,6,13,1,3,A,9,18,2,6,5,3,3.0,3.7,2.2,2
923,04/01/2021,20:00,17,12,1,0,H,7,17,3,1,1,10,5.0,4.33,1.61,2
924,12/01/2021,18:00,24,15,1,0,H,17,7,4,3,5,2,2.45,3.1,3.1,2
925,12/01/2021,20:15,21,10,0,1,A,11,13,0,7,3,4,7.0,4.5,1.45,2
926,12/01/2021,20:15,20,8,1,2,A,12,5,3,3,6,5,2.45,3.1,3.1,2
927,13/01/2021,18:00,13,5,1,0,H,16,5,6,1,8,4,1.14,8.5,16.0,2
928,13/01/2021,20:15,18,9,1,1,D,15,15,6,4,6,5,1.36,5.0,8.5,2
929,14/01/2021,20:00,1,7,0,0,D,11,12,4,2,7,3,1.53,4.0,6.5,2
930,16/01/2021,12:30,20,25,2,3,A,23,12,6,5,11,0,1.6,3.5,7.0,2
931,16/01/2021,15:00,10,5,0,1,A,7,7,2,2,5,2,2.1,3.5,3.4,2
932,16/01/2021,15:00,19,21,1,0,H,15,10,4,2,7,4,1.8,3.5,4.75,2
933,16/01/2021,17:30,9,6,0,1,A,10,21,3,6,1,12,6.5,4.33,1.5,2
934,16/01/2021,20:00,11,17,2,0,H,16,8,5,3,2,5,1.8,3.75,4.5,2
935,17/01/2021,14:00,24,18,1,3,A,15,14,5,5,5,7,6.25,3.75,1.6,2
936,17/01/2021,16:30,12,10,0,0,D,17,8,3,4,7,3,1.95,3.8,3.6,2
937,17/01/2021,19:15,13,7,4,0,H,13,2,6,0,11,1,1.14,8.5,17.0,2
938,18/01/2021,20:00,1,15,3,0,H,20,4,6,1,7,2,1.4,4.5,8.0,2
939,19/01/2021,18:00,19,25,2,1,H,14,6,6,2,3,1,1.57,4.2,5.5,2
940,19/01/2021,20:15,11,6,2,0,H,8,9,6,5,6,3,2.87,3.4,2.45,2
941,20/01/2021,18:00,13,2,2,0,H,28,11,9,4,16,2,1.22,6.5,12.0,2
942,20/01/2021,20:15,9,10,1,2,A,12,15,5,5,2,8,6.0,4.33,1.53,2
943,21/01/2021,20:00,12,21,0,1,A,27,6,6,4,12,0,1.18,7.5,15.0,2
944,23/01/2021,20:00,2,15,2,0,H,14,7,5,1,5,4,1.45,4.75,6.5,2
945,26/01/2021,18:00,7,19,2,3,A,6,17,3,7,3,4,3.1,3.25,2.37,2
946,26/01/2021,18:00,15,10,1,2,A,22,9,5,2,9,5,3.9,3.8,1.85,2
947,26/01/2021,20:15,17,1,1,3,A,13,9,5,5,4,5,3.5,3.6,2.05,2
948,26/01/2021,20:15,25,13,0,5,A,4,18,1,7,3,8,15.0,7.5,1.18,2
949,27/01/2021,18:00,21,2,3,2,H,10,18,5,10,2,4,3.8,3.5,1.95,2
950,27/01/2021,18:00,6,20,0,0,D,14,4,5,0,13,1,1.6,4.2,5.25,2
951,27/01/2021,19:30,5,9,0,0,D,16,10,5,3,10,0,2.05,3.4,3.75,2
952,27/01/2021,20:15,8,11,1,1,D,8,19,2,6,5,11,2.8,3.3,2.55,2
953,27/01/2021,20:15,10,24,1,2,A,16,5,4,3,7,2,1.25,6.0,11.0,2
954,28/01/2021,20:00,18,12,1,3,A,3,14,2,7,1,2,3.2,3.6,2.2,2
955,30/01/2021,12:30,8,15,0,2,A,11,13,3,3,7,12,1.55,4.0,6.5,2
956,30/01/2021,15:00,7,20,1,0,H,11,6,2,4,1,6,2.87,3.2,2.55,2
957,30/01/2021,15:00,13,24,1,0,H,10,4,5,1,10,0,1.12,9.0,18.0,2
958,30/01/2021,15:00,25,9,2,2,D,5,12,3,7,2,3,3.3,3.2,2.3,2
959,30/01/2021,17:30,1,10,0,0,D,17,14,3,3,4,7,2.8,3.5,2.45,2
960,30/01/2021,20:00,17,2,0,1,A,20,8,5,4,7,1,2.8,3.6,2.37,2
961,31/01/2021,12:00,6,21,2,0,H,19,1,8,0,4,2,1.33,5.0,9.5,2
962,31/01/2021,14:00,11,10,1,3,A,18,8,8,7,6,4,1.8,4.0,4.2,2
963,31/01/2021,16:30,19,12,1,3,A,8,14,2,5,6,5,4.33,4.0,1.75,2
964,31/01/2021,19:15,5,18,1,0,H,16,8,5,4,9,2,3.2,3.4,2.25,2
965,02/02/2021,18:00,24,25,2,1,H,14,8,6,4,9,2,2.0,3.3,4.0,2
966,02/02/2021,18:00,20,1,2,1,H,11,9,7,3,9,6,3.6,3.3,2.1,2
967,02/02/2021,20:15,10,17,9,0,H,24,3,14,1,5,3,1.4,4.75,7.0,2
968,02/02/2021,20:15,15,7,1,2,A,21,6,5,3,9,1,2.8,3.2,2.6,2
969,03/02/2021,18:00,21,13,0,2,A,2,17,0,6,1,3,13.0,7.0,1.2,2
970,03/02/2021,18:00,9,11,0,2,A,8,9,1,5,5,2,4.0,3.5,1.9,2
971,03/02/2021,19:30,10,8,1,2,A,16,10,7,6,7,1,2.5,3.5,2.7,2
972,03/02/2021,20:15,2,19,1,3,A,9,20,2,10,7,3,2.2,3.4,3.25,2
973,03/02/2021,20:15,12,5,0,1,A,11,13,1,4,6,3,1.33,5.25,9.0,2
974,04/02/2021,20:00,18,6,0,1,A,7,18,2,2,2,7,3.5,3.4,2.1,2
975,06/02/2021,12:30,2,1,1,0,H,12,14,8,3,3,7,2.62,3.5,2.6,2
976,06/02/2021,15:00,21,5,1,1,D,20,10,7,2,8,7,3.6,3.1,2.2,2
977,06/02/2021,15:00,15,17,3,2,H,6,14,4,5,0,7,3.0,3.3,2.4,2
978,06/02/2021,17:30,9,19,0,0,D,20,8,2,1,7,3,3.6,3.5,2.05,2
979,06/02/2021,20:00,10,8,3,3,D,14,6,5,3,5,1,1.53,4.2,6.0,2
980,07/02/2021,12:00,18,25,2,0,H,13,4,6,1,8,0,1.45,4.5,7.0,2
981,07/02/2021,14:00,20,11,0,0,D,13,13,1,3,8,2,3.5,3.4,2.1,2
982,07/02/2021,16:30,12,13,1,4,A,8,8,3,5,6,1,3.4,3.6,2.05,2
983,07/02/2021,19:15,24,6,1,2,A,8,9,3,3,1,8,7.0,4.5,1.45,2
984,08/02/2021,20:00,10,7,2,0,H,17,8,7,3,5,3,1.8,3.8,4.2,2
985,13/02/2021,12:30,11,12,3,1,H,11,15,6,4,2,12,3.5,3.4,2.1,2
986,13/02/2021,15:00,7,21,0,3,A,13,16,3,4,7,4,2.37,3.1,3.2,2
987,13/02/2021,17:30,13,18,3,0,H,15,7,6,3,4,2,1.28,5.75,9.5,2
988,13/02/2021,20:00,5,2,0,0,D,26,4,9,1,9,2,2.7,3.5,2.5,2
989,14/02/2021,12:00,17,20,1,2,A,7,10,3,4,4,6,2.37,3.2,3.1,2
990,14/02/2021,14:00,25,10,1,1,D,7,10,3,7,4,5,10.0,5.5,1.3,2
991,14/02/2021,16:30,1,10,4,2,H,13,9,5,5,4,5,1.83,3.8,4.0,2
992,14/02/2021,19:00,8,9,0,2,A,7,12,2,3,5,4,1.85,3.6,4.2,2
993,15/02/2021,18:00,19,24,3,0,H,13,8,9,5,7,7,1.66,3.75,5.25,2
994,15/02/2021,20:00,6,15,2,0,H,18,10,5,4,10,5,1.22,6.5,12.0,2
995,17/02/2021,18:00,21,9,1,1,D,8,8,3,3,5,5,2.75,3.2,2.7,2
996,17/02/2021,20:15,8,13,1,3,A,3,16,2,7,0,10,8.5,5.5,1.33,2
997,19/02/2021,20:00,20,10,1,0,H,15,18,5,7,7,9,2.37,3.3,3.0,2
998,20/02/2021,12:30,17,6,1,1,D,4,9,1,3,3,6,5.0,3.8,1.7,2
999,20/02/2021,15:00,21,25,0,0,D,6,10,1,3,5,5,2.0,3.3,4.0,2
1000,20/02/2021,17:30,12,8,0,2,A,15,9,6,6,7,2,1.44,4.5,7.0,2
1001,20/02/2021,20:00,9,24,1,0,H,15,4,7,2,6,4,2.15,3.2,3.6,2
1002,21/02/2021,12:00,19,18,2,1,H,4,20,4,4,5,7,2.62,3.4,2.7,2
1003,21/02/2021,14:05,2,11,1,2,A,11,16,2,7,7,8,2.87,3.5,2.4,2
1004,21/02/2021,16:30,1,13,0,1,A,7,15,1,3,1,3,6.5,4.33,1.5,2
1005,21/02/2021,19:00,10,15,3,1,H,15,10,7,6,6,4,1.28,5.5,10.0,2
1006,22/02/2021,20:00,5,7,1,2,A,25,3,5,2,13,0,1.7,3.5,5.5,2
1007,23/02/2021,18:00,10,17,3,0,H,11,13,7,5,2,4,2.25,3.5,3.1,2
1008,27/02/2021,12:30,13,19,2,1,H,10,9,3,3,4,2,1.22,6.5,12.0,2
1009,27/02/2021,15:00,25,5,1,0,H,6,15,2,6,7,4,4.2,3.3,1.95,2
1010,27/02/2021,17:30,10,2,0,1,A,13,9,3,4,7,5,2.15,3.6,3.2,2
1011,27/02/2021,20:00,15,20,1,1,D,19,14,7,4,3,5,3.5,3.2,2.2,2
1012,28/02/2021,12:00,7,9,0,0,D,3,16,0,4,1,3,3.5,3.2,2.2,2
1013,28/02/2021,12:00,11,1,1,3,A,8,12,3,4,2,7,2.5,3.4,2.8,2
1014,28/02/2021,14:00,18,21,4,0,H,16,10,7,3,3,4,1.53,4.0,6.5,2
1015,28/02/2021,16:30,6,10,0,0,D,18,11,6,4,3,4,2.15,3.4,3.4,2
1016,28/02/2021,19:15,24,12,0,2,A,8,16,2,8,4,3,8.0,5.0,1.36,2
1017,01/03/2021,20:00,8,17,1,0,H,7,9,1,1,4,10,2.15,3.5,3.3,2
1018,02/03/2021,20:00,13,20,4,1,H,22,6,10,1,10,2,1.18,7.0,15.0,2
1019,03/03/2021,18:00,21,11,1,1,D,12,15,7,4,5,8,4.0,3.25,2.0,2
1020,03/03/2021,18:00,24,2,1,0,H,9,16,2,4,2,7,3.75,3.4,2.05,2
1021,03/03/2021,20:15,7,10,0,0,D,8,11,2,1,4,6,8.0,4.75,1.4,2
1022,04/03/2021,18:00,9,18,0,1,A,11,9,3,2,4,1,4.0,3.6,1.9,2
1023,04/03/2021,18:00,25,8,0,1,A,11,11,3,3,3,3,4.33,3.6,1.83,2
1024,04/03/2021,20:15,12,6,0,1,A,7,11,1,5,5,2,2.25,3.6,3.0,2
1025,06/03/2021,12:30,21,1,1,1,D,9,15,5,3,2,4,5.5,4.0,1.61,2
1026,06/03/2021,15:00,24,17,0,2,A,8,15,2,5,7,3,3.6,3.5,2.0,2
1027,06/03/2021,17:30,2,20,0,0,D,9,10,1,2,5,3,2.37,3.25,3.1,2
1028,06/03/2021,20:00,5,11,1,2,A,7,8,2,4,6,6,2.55,3.25,2.8,2
1029,07/03/2021,12:00,25,15,0,0,D,13,9,3,5,9,7,2.37,3.2,3.1,2
1030,07/03/2021,14:00,12,9,0,1,A,16,10,3,3,9,4,1.36,5.0,8.5,2
1031,07/03/2021,16:30,13,10,0,2,A,23,8,6,6,6,2,1.45,4.5,7.0,2
1032,07/03/2021,19:15,18,7,4,1,H,12,5,5,1,1,5,1.45,4.5,7.0,2
1033,08/03/2021,18:00,6,8,2,0,H,19,7,9,1,7,3,1.53,4.0,6.5,2
1034,08/03/2021,20:00,19,10,2,0,H,16,17,5,2,6,6,2.05,3.6,3.5,2
1035,10/03/2021,18:00,13,17,5,2,H,17,11,10,6,5,5,1.18,7.5,15.0,2
1036,12/03/2021,20:00,15,2,1,1,D,12,15,3,6,2,2,3.8,3.3,2.05,2
1037,13/03/2021,12:30,10,6,0,0,D,7,15,4,8,8,5,4.75,4.0,1.7,2
1038,13/03/2021,15:00,7,25,1,0,H,6,12,4,1,3,2,2.15,3.2,3.6,2
1039,13/03/2021,17:30,8,21,1,2,A,14,14,4,5,7,4,1.83,3.5,4.5,2
1040,13/03/2021,20:00,9,13,0,3,A,3,8,0,7,4,2,10.0,5.0,1.33,2
1041,14/03/2021,12:00,17,5,1,2,A,9,8,4,6,4,5,2.9,3.1,2.5,2
1042,14/03/2021,14:00,11,24,5,0,H,19,1,10,0,9,1,1.5,4.2,6.5,2
1043,14/03/2021,16:30,1,18,2,1,H,13,6,3,3,6,3,2.55,3.4,2.75,2
1044,14/03/2021,19:15,10,19,1,0,H,15,7,4,0,6,3,1.83,3.6,4.33,2
1045,15/03/2021,20:00,20,12,0,1,A,10,12,5,4,3,2,4.75,3.75,1.72,2
1046,19/03/2021,20:00,9,10,1,2,A,13,13,6,4,13,7,2.37,3.4,3.0,2
1047,20/03/2021,20:00,5,15,3,0,H,11,3,6,1,3,1,1.66,3.5,6.0,2
1048,21/03/2021,15:00,19,1,3,3,D,15,16,5,7,3,5,2.8,3.5,2.45,2
1049,21/03/2021,19:30,2,18,0,2,A,8,9,1,3,5,8,2.9,3.3,2.45,2
1050,03/04/2021,12:30,6,25,2,5,A,18,14,8,7,10,3,1.22,6.0,15.0,2
1051,03/04/2021,15:00,10,24,2,1,H,23,9,8,1,5,7,1.5,4.33,6.5,2
1052,03/04/2021,17:30,11,13,0,2,A,5,11,2,4,1,1,6.0,4.2,1.53,2
1053,03/04/2021,20:00,1,12,0,3,A,3,16,2,7,1,2,3.1,3.7,2.15,2
1054,04/04/2021,12:00,17,21,3,2,H,24,7,9,5,6,7,2.05,3.3,3.8,2
1055,04/04/2021,14:05,15,18,2,2,D,22,11,6,5,7,3,5.5,4.0,1.6,2
1056,04/04/2021,16:30,2,9,3,1,H,14,15,4,7,4,4,2.25,3.3,3.3,2
1057,04/04/2021,19:30,10,5,2,1,H,15,5,7,3,5,6,1.61,4.0,5.5,2
1058,05/04/2021,18:00,8,7,1,1,D,15,13,7,6,3,4,1.75,3.5,5.0,2
1059,05/04/2021,20:15,20,19,2,3,A,20,9,5,6,4,2,2.87,3.2,2.55,2
1060,09/04/2021,20:00,9,20,0,1,A,14,7,3,3,3,4,2.5,3.0,3.1,2
1061,10/04/2021,12:30,13,10,1,2,A,29,2,7,2,9,3,1.28,5.75,10.0,2
1062,10/04/2021,15:00,12,2,2,1,H,23,9,10,5,7,0,1.5,4.33,6.5,2
1063,10/04/2021,17:30,7,6,1,4,A,1,23,1,10,0,8,7.0,3.8,1.53,2
1064,11/04/2021,12:00,21,15,1,2,A,24,10,4,5,13,3,2.3,3.1,3.4,2
1065,11/04/2021,14:05,19,11,3,2,H,4,15,4,5,1,9,3.0,3.3,2.37,2
1066,11/04/2021,16:30,18,10,1,3,A,12,12,3,7,7,5,2.87,3.4,2.45,2
1067,11/04/2021,19:00,24,1,0,3,A,7,14,2,5,2,4,6.5,3.75,1.57,2
1068,12/04/2021,18:00,25,17,3,0,H,15,14,6,4,5,10,3.6,3.3,2.1,2
1069,12/04/2021,20:15,5,8,0,0,D,23,8,3,1,10,3,2.25,3.3,3.3,2
1070,16/04/2021,20:00,8,18,2,2,D,18,12,7,3,6,3,3.4,3.5,2.1,2
1071,17/04/2021,12:30,15,19,3,2,H,16,16,8,6,3,8,3.5,3.5,2.05,2
1072,17/04/2021,20:15,20,24,1,0,H,10,8,5,2,3,3,1.66,3.5,5.75,2
1073,18/04/2021,13:30,1,9,1,1,D,18,3,5,1,11,1,1.7,3.8,4.8,2
1074,18/04/2021,16:00,10,21,3,1,H,17,10,9,3,8,3,1.33,5.25,9.0,2
1075,19/04/2021,20:00,10,12,1,1,D,12,17,5,7,10,8,4.5,4.33,1.66,2
1076,20/04/2021,20:00,6,5,0,0,D,7,11,4,2,0,3,1.57,4.0,6.0,2
1077,21/04/2021,18:00,18,17,2,1,H,12,10,3,5,5,5,1.75,3.8,4.5,2
1078,21/04/2021,20:15,2,13,1,2,A,8,13,3,3,1,11,9.0,4.75,1.36,2
1079,22/04/2021,20:00,11,25,3,0,H,17,4,7,1,7,3,1.53,3.8,6.0,2
1080,23/04/2021,20:00,1,8,0,1,A,14,8,3,1,7,3,2.0,3.5,3.75,2
1081,24/04/2021,12:30,12,15,1,1,D,22,7,9,4,6,3,1.22,6.5,12.0,2
1082,24/04/2021,17:30,19,6,0,1,A,9,17,2,6,4,2,4.75,3.6,1.75,2
1083,24/04/2021,20:00,24,5,1,0,H,7,17,3,4,2,12,5.25,3.4,1.75,2
1084,25/04/2021,12:00,20,21,0,4,A,12,14,2,7,8,5,2.0,3.4,3.9,2
1085,25/04/2021,14:00,10,10,0,0,D,6,16,3,4,2,6,4.0,4.2,1.75,2
1086,25/04/2021,19:00,2,25,2,2,D,24,10,11,4,11,4,1.85,3.6,4.2,2
1087,26/04/2021,20:00,11,7,2,1,H,13,4,5,2,7,2,1.4,4.33,8.5,2
1088,30/04/2021,20:00,17,11,1,1,D,5,23,3,9,0,10,3.8,3.8,1.9,2
1089,01/05/2021,12:30,7,13,0,2,A,9,20,4,3,2,6,10.0,5.0,1.33,2
1090,01/05/2021,15:00,5,10,2,0,H,17,11,5,2,2,9,2.05,3.5,3.5,2
1091,01/05/2021,17:30,6,9,2,0,H,9,10,5,3,1,8,1.44,4.4,7.5,2
1092,01/05/2021,20:00,8,2,1,2,A,16,13,3,5,3,6,1.95,3.6,3.8,2
1093,02/05/2021,14:00,15,1,0,2,A,5,19,1,5,3,7,3.6,3.6,2.0,2
1094,02/05/2021,19:15,18,24,4,0,H,20,8,11,1,6,6,1.25,6.0,12.0,2
1095,03/05/2021,18:00,25,20,1,1,D,10,20,4,10,5,6,2.9,3.2,2.5,2
1096,03/05/2021,20:15,21,19,1,2,A,8,22,3,4,5,4,3.1,3.6,2.2,2
1097,07/05/2021,20:00,11,15,2,4,A,25,14,9,6,9,6,1.4,4.75,8.0,2
1098,08/05/2021,12:30,10,18,3,1,H,16,11,7,3,8,6,3.4,3.8,2.0,2
1099,08/05/2021,15:00,24,7,0,2,A,7,21,0,8,5,11,3.0,3.2,2.45,2
1100,08/05/2021,17:30,13,6,1,2,A,16,12,4,5,6,2,1.9,3.4,4.2,2
1101,08/05/2021,20:15,12,17,2,0,H,14,12,6,6,8,4,1.25,6.0,11.0,2
1102,09/05/2021,12:00,20,5,2,1,H,16,5,6,3,10,5,3.3,3.3,2.2,2
1103,09/05/2021,14:05,2,10,1,3,A,11,18,5,7,5,6,4.2,3.8,1.8,2
1104,09/05/2021,16:30,19,8,0,1,A,11,9,0,3,5,6,2.2,3.5,3.2,2
1105,09/05/2021,19:00,1,25,3,1,H,15,12,7,1,6,6,1.44,4.5,7.0,2
1106,10/05/2021,20:00,9,21,0,2,A,21,14,3,5,8,4,2.2,3.4,3.3,2
1107,11/05/2021,18:00,10,11,1,2,A,4,12,1,3,3,4,2.5,3.4,2.8,2
1108,11/05/2021,20:15,17,7,3,1,H,13,11,6,4,12,8,2.05,3.6,3.5,2
1109,12/05/2021,20:15,6,1,0,1,A,19,5,5,2,9,1,1.65,4.0,5.0,2
1110,13/05/2021,18:00,2,8,0,0,D,13,15,2,5,9,1,2.7,3.4,2.6,2
1111,13/05/2021,20:15,10,12,2,4,A,18,17,3,8,6,4,3.0,3.75,2.2,2
1112,14/05/2021,20:00,15,13,3,4,A,11,15,5,6,4,5,11.0,6.0,1.25,2
1113,15/05/2021,12:30,21,10,0,4,A,16,16,4,6,6,8,3.2,3.75,2.1,2
1114,15/05/2021,15:00,17,9,3,1,H,11,10,7,3,6,5,2.0,3.6,3.6,2
1115,15/05/2021,20:00,5,19,1,1,D,10,15,2,3,3,3,2.9,3.6,2.3,2
1116,16/05/2021,12:00,7,2,3,2,H,23,19,8,5,7,7,3.0,3.6,2.25,2
1117,16/05/2021,14:05,18,20,2,0,H,24,15,13,3,10,3,1.5,4.33,6.5,2
1118,16/05/2021,16:30,25,12,1,2,A,10,26,3,6,9,13,12.0,6.5,1.22,2
1119,16/05/2021,19:00,8,24,0,1,A,16,10,6,3,11,4,1.36,4.75,8.5,2
1120,18/05/2021,18:00,10,9,1,1,D,13,8,6,5,6,1,1.28,6.0,9.0,2
1121,18/05/2021,18:00,17,10,0,2,A,18,15,3,7,4,5,2.55,3.9,2.5,2
1122,18/05/2021,19:00,5,13,3,2,H,19,8,6,4,5,3,7.0,4.5,1.45,2
1123,18/05/2021,20:15,6,11,2,1,H,17,7,6,3,6,5,1.7,3.75,5.0,2
1124,19/05/2021,18:00,8,20,1,0,H,14,9,4,3,7,12,1.85,3.6,4.2,2
1125,19/05/2021,18:00,15,24,1,0,H,16,11,5,1,5,2,1.72,3.8,4.75,2
1126,19/05/2021,18:00,18,2,1,2,A,10,20,4,4,4,5,1.5,4.5,6.0,2
1127,19/05/2021,19:00,7,1,1,3,A,12,6,6,3,6,7,6.0,4.5,1.5,2
1128,19/05/2021,20:15,21,12,0,3,A,10,20,4,3,6,7,11.0,7.0,1.22,2
1129,19/05/2021,20:15,25,19,1,3,A,14,21,4,9,6,8,5.0,4.33,1.6,2
1130,23/05/2021,16:00,1,5,2,0,H,16,5,5,1,11,3,1.57,4.33,5.25,2
1131,23/05/2021,16:00,2,6,2,1,H,6,23,3,7,2,9,6.5,4.6,1.45,2
1132,23/05/2021,16:00,9,15,0,2,A,14,10,0,4,5,4,2.05,3.8,3.3,2
1133,23/05/2021,16:00,10,25,3,1,H,17,14,9,5,8,3,1.4,5.25,6.5,2
1134,23/05/2021,16:00,11,18,2,4,A,10,11,6,4,8,7,2.0,4.0,3.3,2
1135,23/05/2021,16:00,12,7,2,0,H,19,5,5,4,14,1,1.14,8.5,15.0,2
1136,23/05/2021,16:00,13,8,5,0,H,21,8,11,3,7,5,1.44,5.0,6.5,2
1137,23/05/2021,16:00,24,21,1,0,H,12,10,3,3,8,9,2.8,3.6,2.4,2
1138,23/05/2021,16:00,19,17,3,0,H,14,17,7,5,2,3,1.65,4.0,5.0,2
1139,23/05/2021,16:00,20,10,1,2,A,14,9,4,4,6,2,2.5,3.5,2.7,2
