player_id,player_name,player_position,team_id,expected_assists,goals_scored,expected_goals_conceded,threat,influence,creativity,expected_goals,saves,goals_conceded,assists,ict_index,expected_goal_involvements,starts,minutes,total_points,clean_sheets
0,Granit Xhaka,MID,1,3.89,7,36.52,498.0,647.0,673.3,4.65,0,35,8,182.0,8.54,36,2992,153,13
1,Mohamed Elneny,MID,1,0.04,0,1.29,0.0,4.6,5.4,0.0,0,2,0,1.1,0.04,1,111,6,0
2,Rob Holding,DEF,1,0.15,1,11.14,54.0,152.0,10.3,0.32,0,13,0,21.6,0.47,6,562,21,0
3,Thomas Partey,MID,1,2.17,3,32.27,240.0,513.2,439.6,2.59,0,28,0,119.5,4.76,28,2480,86,11
4,Martin Ødegaard,MID,1,8.02,15,37.94,920.0,960.0,1100.4,9.75,0,38,8,298.3,17.77,37,3132,212,13
5,Kieran Tierney,DEF,1,0.43,0,10.9,67.0,144.0,85.5,0.38,0,10,1,29.9,0.81,6,774,37,1
6,Nicolas Pépé,MID,1,0.0,0,0.0,0.0,0.0,0.0,0.0,0,0,0,0.0,0.0,0,0,0,0
7,Benjamin White,DEF,1,3.6,2,37.23,159.0,649.0,491.2,1.25,0,35,5,130.0,4.85,36,3054,156,15
8,Eddie Nketiah,FWD,1,1.26,4,14.65,598.0,213.4,128.2,7.89,0,16,2,93.1,9.15,9,1071,63,2
9,Emile Smith Rowe,MID,1,0.55,0,2.71,39.0,36.6,64.3,0.25,0,5,2,13.8,0.8,0,161,18,0
10,Bukayo Saka,MID,1,5.97,14,39.66,1164.0,972.2,1091.8,11.49,0,42,12,322.8,17.46,37,3183,202,12
11,Takehiro Tomiyasu,DEF,1,0.23,0,8.93,55.0,137.0,86.6,0.24,0,11,1,27.7,0.47,6,651,32,2
12,Aaron Ramsdale,GKP,1,0.02,0,42.31,0.0,761.4,0.0,0.0,94,43,0,76.2,0.02,38,3420,143,14
13,Gabriel dos Santos Magalhães,DEF,1,0.66,3,41.84,401.0,733.8,129.7,5.04,0,43,0,126.5,5.7,38,3409,146,14
14,Nuno Varela Tavares,DEF,1,0.0,0,0.0,0.0,0.0,0.0,0.0,0,0,0,0.0,0.0,0,0,0,0
15,Gabriel Martinelli Silva,MID,1,6.98,15,36.16,1300.0,844.2,838.1,9.15,0,33,9,298.1,16.13,34,2789,198,14
16,Pablo Marí Villar,DEF,1,0.0,0,0.0,0.0,0.0,0.0,0.0,0,0,0,0.0,0.0,0,0,0,0
17,Lucas Torreira di Pascua,MID,1,0.0,0,0.0,0.0,0.0,0.0,0.0,0,0,0,0.0,0.0,0,0,0,0
18,Reiss Nelson,MID,1,0.99,3,2.16,155.0,169.8,99.2,1.09,0,3,3,42.4,2.08,0,202,42,1
19,Matt Turner,GKP,1,0.0,0,0.0,0.0,0.0,0.0,0.0,0,0,0,0.0,0.0,0,0,0,0
20,Fábio Ferreira Vieira,MID,1,1.39,1,5.28,123.0,115.2,180.1,0.86,0,5,2,41.4,2.25,3,500,40,2
21,William Saliba,DEF,1,0.32,2,26.86,114.0,529.0,100.8,0.91,0,25,1,74.5,1.23,27,2415,117,12
22,Marcus Oliveira Alencar,MID,1,0.0,0,0.0,0.0,0.0,0.2,0.0,0,0,0,0.0,0.0,0,1,1,0
23,Gabriel Fernando de Jesus,FWD,1,2.91,11,23.15,1282.0,594.2,407.3,14.24,0,23,7,228.3,17.15,24,2064,125,9
24,Leandro Trossard,MID,1,6.02,8,30.79,859.0,620.0,687.1,6.37,0,38,13,216.6,12.39,26,2237,154,8
25,Jorge Luiz Frello Filho,MID,1,0.96,2,24.41,97.0,386.4,254.1,1.89,0,23,2,73.9,2.85,24,2127,79,9
26,Oleksandr Zinchenko,DEF,1,2.39,1,26.67,190.0,405.0,387.7,1.32,0,28,2,98.3,3.71,26,2122,99,10
27,Matthew Smith,MID,1,0.0,0,0.0,0.0,0.0,0.0,0.0,0,0,0,0.0,0.0,0,0,0,0
28,Ethan Nwaneri,MID,1,0.0,0,0.0,0.0,0.0,0.0,0.0,0,0,0,0.0,0.0,0,1,1,0
29,Lino Sousa,DEF,1,0.0,0,0.0,0.0,0.0,0.0,0.0,0,0,0,0.0,0.0,0,0,0,0
30,Karl Hein,GKP,1,0.0,0,0.0,0.0,0.0,0.0,0.0,0,0,0,0.0,0.0,0,0,0,0
31,Amario Cozier-Duberry,MID,1,0.0,0,0.0,0.0,0.0,0.0,0.0,0,0,0,0.0,0.0,0,0,0,0
32,Nathan Butler-Oyedeji,FWD,1,0.0,0,0.0,0.0,0.0,0.0,0.0,0,0,0,0.0,0.0,0,0,0,0
33,Jakub Kiwior,DEF,1,0.01,1,6.46,4.0,53.6,4.1,0.1,0,6,0,6.3,0.11,5,425,26,2
34,Reuell Walters,DEF,1,0.0,0,0.0,0.0,0.0,0.0,0.0,0,0,0,0.0,0.0,0,0,0,0
35,Mauro Bandeira,MID,1,0.0,0,0.0,0.0,0.0,0.0,0.0,0,0,0,0.0,0.0,0,0,0,0
36,Philippe Coutinho Correia,MID,2,0.65,1,8.11,218.0,119.2,152.5,1.37,0,9,0,48.8,2.02,7,777,32,3
37,Emiliano Martínez Romero,GKP,2,0.21,0,43.46,0.0,813.0,23.0,0.0,98,38,0,83.5,0.21,36,3139,135,11
38,Calum Chambers,DEF,2,0.19,0,5.88,8.0,74.4,29.8,0.14,0,4,0,11.1,0.33,2,345,13,0
39,Lucas Digne,DEF,2,1.9,1,25.91,92.0,271.4,293.3,0.43,0,25,0,65.8,2.33,18,1492,50,3
40,Bertrand Traoré,MID,2,0.12,2,1.65,79.0,82.0,30.7,0.75,0,1,0,19.0,0.87,1,226,20,1
41,Robin Olsen,GKP,2,0.0,0,8.56,0.0,83.2,0.0,0.0,11,8,0,8.2,0.0,2,280,10,1
42,Morgan Sanson,MID,2,0.0,0,0.4,0.0,4.2,0.5,0.0,0,1,0,0.4,0.0,0,10,2,0
43,John McGinn,MID,2,3.33,1,37.73,326.0,375.0,349.2,2.4,0,31,5,105.1,5.73,30,2692,90,10
44,Kortney Hause,DEF,2,0.0,0,0.0,0.0,0.0,0.0,0.0,0,0,0,0.0,0.0,0,0,0,0
45,Tyrone Mings,DEF,2,0.95,1,47.28,121.0,657.2,87.7,0.96,0,40,3,87.0,1.91,35,3150,130,12
46,Ollie Watkins,FWD,2,2.66,15,46.65,1268.0,792.0,408.5,16.15,0,40,8,247.0,18.81,36,3129,175,13
47,Marvelous Nakamba,MID,2,0.0,0,0.0,0.0,0.0,0.0,0.0,0,0,0,0.0,0.0,0,0,0,0
48,Emiliano Buendía Stati,MID,2,3.95,5,36.65,580.0,438.2,546.3,6.32,0,34,3,156.6,10.27,27,2404,117,11
49,Matty Cash,DEF,2,0.95,0,27.14,67.0,298.4,178.0,0.2,0,29,2,54.4,1.15,20,1817,57,4
50,Ezri Konsa Ngoyo,DEF,2,0.71,0,50.67,72.0,560.4,116.1,1.08,0,45,0,74.9,1.79,37,3322,110,12
51,Leon Bailey,MID,2,4.77,4,35.15,532.0,334.2,439.1,5.34,0,32,5,130.1,10.11,26,1964,100,8
52,Douglas Luiz Soares de Paulo,MID,2,2.92,6,42.8,242.0,661.6,655.4,2.79,0,35,7,155.8,5.71,33,2922,142,13
53,Jacob Ramsey,MID,2,2.89,6,40.5,424.0,607.2,496.7,5.07,0,33,8,152.8,7.96,31,2634,135,11
54,Tim Iroegbunam,MID,2,0.0,0,0.0,0.0,0.0,0.0,0.0,0,0,0,0.0,0.0,0,0,0,0
55,Diego Carlos Santos Silva,DEF,2,0.11,0,1.92,32.0,24.8,13.2,0.36,0,3,0,7.0,0.47,2,205,4,0
56,Anwar El Ghazi,MID,2,0.0,0,0.0,0.0,0.0,0.0,0.0,0,0,0,0.0,0.0,0,0,0,0
57,Keinan Davis,FWD,2,0.0,0,0.0,0.0,0.0,0.0,0.0,0,0,0,0.0,0.0,0,0,0,0
58,Boubacar Kamara,MID,2,0.92,0,33.05,39.0,275.8,123.4,0.15,0,30,1,43.9,1.07,21,1773,44,3
59,Cameron Archer,FWD,2,0.01,0,0.37,6.0,1.8,2.4,0.0,0,1,0,0.9,0.01,0,43,6,0
60,Jaden Philogene-Bidace,MID,2,0.0,0,0.0,0.0,0.0,0.0,0.0,0,0,0,0.0,0.0,0,0,0,0
61,Frédéric Guilbert,DEF,2,0.0,0,0.0,0.0,0.0,0.0,0.0,0,0,0,0.0,0.0,0,0,0,0
62,Leander Dendoncker,MID,2,0.14,0,14.68,64.0,143.4,96.1,0.72,0,14,0,30.6,0.86,9,897,37,4
63,Ludwig Augustinsson,DEF,2,0.01,0,0.74,35.0,5.6,1.9,0.08,0,0,0,4.2,0.09,1,76,2,0
64,Kaine Kesler Hayden,DEF,2,0.0,0,0.0,0.0,0.0,0.0,0.0,0,0,0,0.0,0.0,0,0,0,0
65,Ashley Young,DEF,2,0.78,1,31.81,81.0,380.2,223.4,0.46,0,28,0,68.7,1.24,23,2031,87,9
66,Lamare Bogarde,DEF,2,0.0,0,0.0,0.0,0.0,0.0,0.0,0,0,0,0.0,0.0,0,0,0,0
67,Filip Marschall,GKP,2,0.0,0,0.0,0.0,0.0,0.0,0.0,0,0,0,0.0,0.0,0,0,0,0
68,Kadan Young,MID,2,0.0,0,0.0,0.0,0.0,0.0,0.0,0,0,0,0.0,0.0,0,0,0,0
69,Alexandre Moreno Lopera,DEF,2,2.57,0,17.83,151.0,254.4,321.1,0.59,0,10,3,72.3,3.16,14,1325,72,7
70,Viljami Sinisalo,GKP,2,0.0,0,0.0,0.0,0.0,0.0,0.0,0,0,0,0.0,0.0,0,0,0,0
71,Jhon Durán,FWD,2,0.02,0,3.88,51.0,12.8,13.4,0.59,0,4,0,7.4,0.61,0,126,11,0
72,Sil Swinkels,DEF,2,0.0,0,0.0,0.0,0.0,0.0,0.0,0,0,0,0.0,0.0,0,0,0,0
73,Oliwier Zych,GKP,2,0.0,0,0.0,0.0,0.0,0.0,0.0,0,0,0,0.0,0.0,0,0,0,0
74,James Wright,GKP,2,0.0,0,0.0,0.0,0.0,0.0,0.0,0,0,0,0.0,0.0,0,0,0,0
75,Sebastian Revan,DEF,2,0.0,0,0.0,0.0,0.0,0.0,0.0,0,0,0,0.0,0.0,0,0,0,0
76,Travis Patterson,MID,2,0.0,0,0.0,0.0,0.0,0.0,0.0,0,0,0,0.0,0.0,0,0,0,0
77,Tommi O'Reilly,MID,2,0.0,0,0.0,0.0,0.0,0.0,0.0,0,0,0,0.0,0.0,0,0,0,0
78,Adam Smith,DEF,3,1.57,0,54.01,88.0,406.2,261.6,0.5,0,58,1,75.7,2.07,34,2940,74,7
79,Junior Stanislas,MID,3,0.18,0,0.69,7.0,10.0,22.9,0.04,0,1,0,3.9,0.22,0,58,4,0
80,Ryan Fredericks,DEF,3,0.29,0,10.14,12.0,66.0,26.7,0.0,0,11,0,10.6,0.29,5,527,12,0
81,David Brooks,MID,3,0.2,0,4.4,31.0,13.6,16.4,0.33,0,4,0,6.0,0.53,2,170,5,0
82,Jamal Lowe,MID,3,0.01,0,0.62,0.0,0.2,0.3,0.0,0,0,0,0.1,0.01,0,11,2,0
83,Kieffer Moore,FWD,3,0.5,4,25.51,272.0,216.2,89.6,4.18,0,34,0,57.3,4.68,12,1269,57,3
84,Emiliano Marcondes,MID,3,0.0,0,0.28,0.0,1.2,0.0,0.0,0,1,0,0.1,0.0,0,8,1,0
85,Jefferson Lerma Solís,MID,3,3.0,5,60.57,311.0,616.6,293.6,2.58,0,67,0,122.1,5.58,37,3252,101,7
86,Jack Stacey,DEF,3,0.03,0,6.14,8.0,44.2,8.6,0.09,0,10,0,6.0,0.12,3,293,6,0
87,Dominic Solanke,FWD,3,2.3,6,51.51,1046.0,524.8,279.9,9.09,0,52,10,184.4,11.39,32,2865,130,8
88,Lewis Cook,MID,3,2.3,0,32.09,45.0,313.0,352.5,0.24,0,39,2,71.2,2.54,18,1712,51,3
89,Ben Pearson,MID,3,0.02,0,5.92,9.0,21.0,6.4,0.05,0,10,0,3.7,0.07,3,282,9,1
90,Ryan Christie,MID,3,2.07,1,30.87,400.0,282.0,421.7,2.89,0,35,2,110.5,4.96,22,1825,64,3
91,Philip Billing,MID,3,2.56,7,49.46,441.0,622.0,388.8,4.6,0,54,2,145.2,7.16,34,2766,126,9
92,Chris Mepham,DEF,3,0.55,0,42.46,134.0,556.4,54.4,0.96,0,52,0,74.4,1.51,24,2197,43,5
93,Mark Travers,GKP,3,0.0,0,19.68,0.0,253.0,0.0,0.0,36,32,0,25.4,0.0,11,1035,28,2
94,Lloyd Kelly,DEF,3,0.7,0,35.92,26.0,394.0,97.7,0.17,0,38,2,52.1,0.87,23,2040,60,5
95,Siriki Dembélé,MID,3,0.21,0,2.28,28.0,31.8,52.3,0.16,0,2,0,11.3,0.37,0,104,6,0
96,Jaidon Anthony,MID,3,1.1,3,26.14,263.0,299.4,209.1,1.69,0,29,1,77.2,2.79,11,1241,61,2
97,Jordan Zemura,DEF,3,1.71,0,27.57,71.0,269.4,232.8,0.47,0,31,1,57.1,2.18,17,1452,47,5
98,Will Dennis,GKP,3,0.0,0,0.0,0.0,0.0,0.0,0.0,0,0,0,0.0,0.0,0,0,0,0
99,Jack Stephens,DEF,3,0.23,0,24.62,51.0,270.0,57.3,0.36,0,24,0,38.0,0.59,13,1218,35,4
100,Joe Rothwell,MID,3,1.47,0,17.29,27.0,127.4,153.3,0.16,0,15,1,30.6,1.63,12,1010,33,3
101,Marcus Tavernier,MID,3,1.37,5,31.77,436.0,459.8,348.4,3.13,0,37,4,124.2,4.5,19,1740,94,5
102,James Hill,DEF,3,0.0,0,0.0,0.0,0.0,0.0,0.0,0,0,0,0.0,0.0,0,0,0,0
103,Darren Randolph,GKP,3,0.0,0,0.0,0.0,0.0,0.0,0.0,0,0,0,0.0,0.0,0,0,0,0
104,Norberto Murara Neto,GKP,3,0.02,0,44.7,0.0,727.6,0.0,0.0,100,39,0,72.8,0.02,27,2385,93,6
105,Marcos Senesi,DEF,3,0.35,2,47.62,109.0,586.0,78.7,1.66,0,55,0,77.5,2.01,29,2489,69,5
106,Christian Saydee,FWD,3,0.0,0,0.0,0.0,0.0,0.0,0.0,0,0,0,0.0,0.0,0,0,0,0
107,Owen Bevan,DEF,3,0.0,0,0.28,0.0,0.2,0.0,0.0,0,1,0,0.0,0.0,0,8,1,0
108,Cameron Plain,GKP,3,0.0,0,0.0,0.0,0.0,0.0,0.0,0,0,0,0.0,0.0,0,0,0,0
109,Daniel Adu-Adjei,FWD,3,0.0,0,0.0,0.0,0.0,0.0,0.0,0,0,0,0.0,0.0,0,0,0,0
110,Michael Dacosta Gonzalez,MID,3,0.0,0,0.0,0.0,0.0,0.0,0.0,0,0,0,0.0,0.0,0,0,0,0
111,Dominic Sadi,FWD,3,0.0,0,0.0,0.0,0.0,0.0,0.0,0,0,0,0.0,0.0,0,0,0,0
112,Dango Ouattara,MID,3,1.68,1,25.86,274.0,276.8,261.0,3.52,0,23,3,81.0,5.2,15,1239,49,1
113,Euan Pollock,FWD,3,0.0,0,0.0,0.0,0.0,0.0,0.0,0,0,0,0.0,0.0,0,0,0,0
114,Antoine Semenyo,FWD,3,0.02,1,7.7,32.0,50.0,26.5,0.36,0,6,0,10.7,0.38,2,250,18,0
115,Matías Viña,DEF,3,0.11,2,7.61,92.0,156.4,28.1,0.86,0,10,0,27.7,0.97,5,452,28,1
116,Illia Zabarnyi,DEF,3,0.01,0,5.12,0.0,41.2,0.9,0.0,0,5,0,4.1,0.01,3,297,7,0
117,Hamed Traorè,MID,3,1.15,0,9.94,36.0,84.0,218.5,1.04,0,8,0,33.8,2.19,5,425,14,2
118,Ben Greenwood,DEF,3,0.0,0,0.0,0.0,0.0,0.0,0.0,0,0,0,0.0,0.0,0,0,0,0
119,Max Kinsey-Wellings,DEF,3,0.0,0,0.0,0.0,0.0,0.0,0.0,0,0,0,0.0,0.0,0,0,0,0
120,Pontus Jansson,DEF,4,0.11,1,13.51,53.0,176.2,2.5,0.34,0,14,0,23.4,0.45,9,722,29,2
121,Christian Nørgaard,MID,4,1.74,1,25.13,269.0,379.2,173.7,1.64,0,23,6,82.3,3.38,21,1763,71,6
122,Ivan Toney,FWD,4,3.72,20,43.65,1240.0,926.8,424.3,18.74,0,42,4,258.7,22.46,33,2953,182,10
123,David Raya Martin,GKP,4,0.12,0,50.12,4.0,1125.4,20.1,0.11,154,46,0,115.2,0.23,38,3420,166,12
124,Sergi Canós Tenés,DEF,4,0.04,0,1.79,6.0,7.0,13.5,0.07,0,2,0,2.8,0.11,0,73,5,0
125,Josh Dasilva,MID,4,1.62,4,17.89,182.0,304.2,206.1,1.58,0,17,2,69.2,3.2,14,1371,81,5
126,Kristoffer Ajer,DEF,4,0.12,0,11.34,27.0,96.8,24.7,0.04,0,14,0,15.1,0.16,9,763,29,4
127,Rico Henry,DEF,4,2.9,0,48.49,197.0,444.4,401.9,1.8,0,46,3,104.5,4.7,37,3240,112,11
128,Vitaly Janelt,MID,4,1.56,3,29.68,223.0,411.2,246.1,2.33,0,28,1,88.1,3.89,24,2201,85,8
129,Saman Ghoddos,MID,4,0.29,0,4.01,21.0,27.2,62.8,0.05,0,5,0,11.1,0.34,0,124,15,0
130,Mathias Jensen,MID,4,4.79,5,40.47,208.0,644.0,787.9,2.34,0,40,7,164.1,7.13,37,2805,132,10
131,Yoane Wissa,MID,4,1.08,7,21.64,414.0,363.8,184.5,5.65,0,17,4,95.5,6.73,16,1587,111,7
132,Mads Roerslev Rasmussen,DEF,4,0.82,0,17.67,46.0,167.6,120.6,0.28,0,12,0,33.4,1.1,12,1101,48,5
133,Mads Bech Sørensen,DEF,4,0.0,0,0.28,0.0,2.6,0.2,0.0,0,0,0,0.2,0.0,0,18,4,0
134,Ethan Pinnock,DEF,4,1.11,3,40.17,279.0,751.6,104.9,2.73,0,34,0,113.8,3.84,30,2700,112,10
135,Frank Onyeka,MID,4,0.78,0,15.65,106.0,125.8,89.9,1.03,0,11,3,32.3,1.81,8,837,38,3
136,Shandon Baptiste,MID,4,0.53,0,7.51,54.0,107.8,144.5,0.32,0,6,2,30.7,0.85,4,600,29,1
137,Bryan Mbeumo,FWD,4,5.53,9,41.96,866.0,662.4,766.3,9.48,0,39,9,229.3,15.01,36,2905,150,10
138,Charlie Goode,DEF,4,0.0,0,0.0,0.0,0.0,0.0,0.0,0,0,0,0.0,0.0,0,0,0,0
139,Marcus Forss,FWD,4,0.0,0,0.0,0.0,0.0,0.0,0.0,0,0,0,0.0,0.0,0,0,0,0
140,Dominic Thompson,DEF,4,0.0,0,0.0,0.0,0.0,0.0,0.0,0,0,0,0.0,0.0,0,0,0,0
141,Mads Bidstrup,MID,4,0.0,0,0.0,0.0,0.0,0.0,0.0,0,0,0,0.0,0.0,0,0,0,0
142,Ellery Balcombe,GKP,4,0.0,0,0.0,0.0,0.0,0.0,0.0,0,0,0,0.0,0.0,0,0,0,0
143,Aaron Hickey,DEF,4,0.58,0,28.13,98.0,223.6,119.8,0.38,0,30,3,44.2,0.96,23,1918,63,5
144,Keane Lewis-Potter,MID,4,0.29,0,4.15,114.0,42.0,64.0,0.49,0,4,1,21.9,0.78,3,313,14,0
145,Thomas Strakosha,GKP,4,0.0,0,0.0,0.0,0.0,0.0,0.0,0,0,0,0.0,0.0,0,0,0,0
146,Ben Mee,DEF,4,0.74,3,46.31,307.0,761.4,92.0,3.19,0,40,2,116.3,3.93,37,3269,143,12
147,Fin Stevens,DEF,4,0.0,0,0.0,0.0,0.0,0.0,0.0,0,0,0,0.0,0.0,0,0,0,0
148,Halil Dervişoğlu,FWD,4,0.0,0,0.1,10.0,0.0,0.0,0.03,0,0,1,1.0,0.03,0,6,4,0
149,Mikkel Damsgaard,MID,4,1.32,0,14.89,146.0,137.4,161.0,2.31,0,14,0,44.5,3.63,9,970,33,3
150,Mathias Jorgensen,DEF,4,0.15,0,19.73,45.0,189.8,18.2,1.33,0,15,1,25.6,1.48,11,1097,45,4
151,Ryan Trevitt,MID,4,0.0,0,0.0,0.0,0.0,0.0,0.0,0,0,0,0.0,0.0,0,0,0,0
152,Matthew Cox,GKP,4,0.0,0,0.0,0.0,0.0,0.0,0.0,0,0,0,0.0,0.0,0,0,0,0
153,Tristan Crama,DEF,4,0.0,0,0.0,0.0,0.0,0.0,0.0,0,0,0,0.0,0.0,0,0,0,0
154,Yegor Yarmolyuk,MID,4,0.0,0,0.0,0.0,0.0,0.0,0.0,0,0,0,0.0,0.0,0,0,0,0
155,Kevin Schade,MID,4,0.67,0,7.18,205.0,72.2,110.4,2.07,0,7,1,38.7,2.74,7,723,29,3
156,Michael Olakigbe,MID,4,0.0,0,0.0,0.0,0.0,0.0,0.0,0,0,0,0.0,0.0,0,0,0,0
157,Adam Lallana,MID,5,1.22,2,10.59,152.0,144.2,186.7,0.88,0,10,1,48.5,2.1,12,717,47,5
158,Jason Steele,GKP,5,0.15,0,23.46,0.0,347.6,13.0,0.0,37,23,1,36.1,0.15,15,1350,65,6
159,Danny Welbeck,FWD,5,1.65,6,26.45,782.0,378.2,390.6,8.59,0,28,5,155.4,10.24,21,1844,91,6
160,Pascal Groß,MID,5,8.93,9,48.43,578.0,888.4,1215.4,5.19,0,51,8,268.6,14.12,37,3240,159,11
161,Lewis Dunk,DEF,5,0.9,1,46.43,198.0,661.4,163.6,1.67,0,50,1,102.4,2.57,36,3240,112,12
162,Solly March,MID,5,5.9,6,37.58,955.0,791.8,965.8,7.01,0,40,10,271.4,12.91,31,2719,147,10
163,Adam Webster,DEF,5,0.45,0,25.8,126.0,354.0,104.0,1.72,0,27,0,58.4,2.17,23,1983,75,9
164,Joël Veltman,DEF,5,1.02,1,27.53,162.0,406.2,200.8,1.72,0,29,1,77.2,2.74,25,2183,95,10
165,Robert Sánchez,GKP,5,0.01,0,27.6,0.0,439.0,0.1,0.0,48,30,0,43.9,0.01,23,2070,82,6
166,Tariq Lamptey,DEF,5,0.64,0,6.37,48.0,70.6,87.2,0.2,0,7,0,20.6,0.84,3,439,23,1
167,Steven Alzate,MID,5,0.0,0,0.0,0.0,0.0,0.0,0.0,0,0,0,0.0,0.0,0,0,0,0
168,Alexis Mac Allister,MID,5,4.27,10,40.48,706.0,741.0,729.6,12.05,0,45,2,217.8,16.32,31,2882,140,10
169,Jakub Moder,MID,5,0.0,0,0.0,0.0,0.0,0.0,0.0,0,0,0,0.0,0.0,0,0,0,0
170,Enock Mwepu,MID,5,0.24,0,2.77,34.0,48.8,39.0,0.22,0,4,1,12.2,0.46,2,209,11,0
171,Jeremy Sarmiento Morante,MID,5,0.27,0,2.76,50.0,46.6,38.2,0.33,0,2,2,12.9,0.6,1,168,16,1
172,Moisés Caicedo Corozo,MID,5,2.51,1,45.9,210.0,582.2,668.6,1.67,0,47,1,146.3,4.18,34,3138,79,10
173,Taylor Richards,MID,5,0.0,0,0.0,0.0,0.0,0.0,0.0,0,0,0,0.0,0.0,0,0,0,0
174,Haydon Roberts,DEF,5,0.0,0,0.0,0.0,0.0,0.0,0.0,0,0,0,0.0,0.0,0,0,0,0
175,Deniz Undav,FWD,5,1.25,5,9.03,333.0,157.6,105.7,4.89,0,9,2,59.5,6.14,6,614,52,2
176,Kaoru Mitoma,MID,5,4.93,7,35.52,857.0,566.8,567.6,8.29,0,35,9,198.9,13.22,24,2311,138,8
177,Julio Enciso,FWD,5,1.18,4,14.76,370.0,255.8,161.0,3.93,0,12,3,78.5,5.11,7,794,57,4
178,Kacper Kozłowski,MID,5,0.0,0,0.0,0.0,0.0,0.0,0.0,0,0,0,0.0,0.0,0,0,0,0
179,Billy Gilmour,MID,5,0.8,0,9.35,33.0,67.6,56.5,0.5,0,8,1,15.8,1.3,7,502,21,2
180,Kjell Scherpen,GKP,5,0.0,0,0.0,0.0,0.0,0.0,0.0,0,0,0,0.0,0.0,0,0,0,0
181,Matt Clarke,DEF,5,0.0,0,0.0,0.0,0.0,0.0,0.0,0,0,0,0.0,0.0,0,0,0,0
182,Jan Paul van Hecke,DEF,5,0.04,0,6.72,10.0,62.8,5.5,0.55,0,7,0,7.9,0.59,3,291,6,0
183,Levi Colwill,DEF,5,0.31,0,22.2,50.0,222.0,100.7,1.41,0,21,2,37.4,1.72,13,1218,46,3
184,Pervis Estupiñán,DEF,5,3.88,1,41.6,295.0,570.2,752.9,1.8,0,43,7,161.3,5.68,31,2674,128,10
185,Evan Ferguson,FWD,5,0.54,6,13.45,350.0,284.2,129.1,5.44,0,12,2,76.5,5.98,10,942,65,6
186,Ed Turns,DEF,5,0.0,0,0.0,0.0,0.0,0.0,0.0,0,0,0,0.0,0.0,0,0,0,0
187,Andrew Moran,MID,5,0.0,0,0.82,0.0,0.0,0.0,0.0,0,1,0,0.0,0.0,0,11,1,0
188,James Furlong,DEF,5,0.0,0,0.0,0.0,0.0,0.0,0.0,0,0,0,0.0,0.0,0,0,0,0
189,Jack Hinshelwood,MID,5,0.0,0,0.23,0.0,0.0,0.0,0.0,0,0,0,0.0,0.0,0,1,1,0
190,Facundo Buonanotte,MID,5,0.39,1,11.93,102.0,87.8,96.1,1.3,0,12,1,27.8,1.69,6,558,26,1
191,Yasin Ayari,MID,5,0.3,0,1.45,3.0,5.4,25.3,0.02,0,2,0,3.3,0.32,1,65,3,0
192,Odeluga Offiah,DEF,5,0.02,0,1.77,0.0,6.2,1.5,0.0,0,3,0,0.8,0.02,0,23,1,0
193,Tom McGill,GKP,5,0.0,0,0.0,0.0,0.0,0.0,0.0,0,0,0,0.0,0.0,0,0,0,0
194,Cameron Peupion,MID,5,0.0,0,0.95,5.0,0.0,0.3,0.06,0,2,0,0.5,0.06,0,5,1,0
195,Imari Samuels,DEF,5,0.0,0,0.0,0.0,0.0,0.0,0.0,0,0,0,0.0,0.0,0,0,0,0
196,Carney Chukwuemeka,MID,6,0.61,0,8.1,72.0,57.6,69.7,0.33,0,7,0,19.9,0.94,2,342,18,1
197,Marc Cucurella Saseta,DEF,6,0.96,0,26.03,72.0,354.4,232.5,0.38,0,20,2,65.9,1.34,21,1669,65,6
198,César Azpilicueta,DEF,6,1.25,0,27.38,93.0,259.2,206.7,0.35,0,21,0,55.8,1.6,16,1521,45,3
199,Thiago Emiliano da Silva,DEF,6,1.04,0,34.83,137.0,657.2,86.1,1.54,0,32,2,88.0,2.58,26,2351,80,6
200,Marcos Alonso,DEF,6,0.0,0,0.0,0.0,0.0,0.0,0.0,0,0,0,0.0,0.0,0,0,0,0
201,Ross Barkley,MID,6,0.0,0,0.0,0.0,0.0,0.0,0.0,0,0,0,0.0,0.0,0,0,0,0
202,Mateo Kovacic,MID,6,2.04,1,24.0,114.0,294.2,363.8,1.79,0,25,2,77.5,3.83,17,1699,53,4
203,Kepa Arrizabalaga,GKP,6,0.0,0,38.34,0.0,706.2,0.1,0.0,91,33,0,70.6,0.0,29,2565,118,9
204,N'Golo Kanté,MID,6,0.82,0,5.23,58.0,107.0,186.9,0.32,0,7,1,35.2,1.13,6,517,18,2
205,Hakim Ziyech,MID,6,1.51,0,8.8,113.0,155.4,230.9,0.65,0,7,3,49.0,2.16,6,649,33,2
206,Ruben Loftus-Cheek,MID,6,1.75,0,27.57,173.0,206.6,234.8,0.85,0,23,1,61.6,2.6,19,1530,46,5
207,Timo Werner,FWD,6,0.0,0,0.0,0.0,0.0,0.0,0.0,0,0,0,0.0,0.0,0,0,0,0
208,Robert Kenedy Nunes do Nascimento,DEF,6,0.0,0,0.0,0.0,0.0,0.0,0.0,0,0,0,0.0,0.0,0,0,0,0
209,Ben Chilwell,DEF,6,2.49,2,18.25,178.0,283.4,382.6,1.57,0,19,3,84.2,4.06,15,1402,70,4
210,Christian Pulisic,MID,6,0.38,1,14.13,210.0,117.2,166.7,1.67,0,11,1,49.1,2.05,8,805,39,3
211,Trevoh Chalobah,DEF,6,0.32,0,30.99,108.0,283.6,93.5,0.82,0,24,0,48.7,1.14,18,1601,49,5
212,Mason Mount,MID,6,2.81,3,23.53,376.0,331.4,463.1,1.97,0,21,4,117.2,4.78,20,1644,82,8
213,Malang Sarr,DEF,6,0.0,0,0.0,0.0,0.0,0.0,0.0,0,0,0,0.0,0.0,0,0,0,0
214,Callum Hudson-Odoi,MID,6,0.0,0,0.0,0.0,0.0,0.0,0.0,0,0,0,0.0,0.0,0,0,0,0
215,Kai Havertz,FWD,6,2.75,7,38.25,1012.0,470.2,513.3,11.58,0,31,1,199.3,14.33,30,2565,102,9
216,Reece James,DEF,6,2.93,1,14.11,153.0,292.2,358.2,1.06,0,17,2,80.4,3.99,14,1242,44,2
217,Edouard Mendy,GKP,6,0.0,0,14.24,0.0,200.4,0.0,0.0,25,14,0,20.2,0.0,9,855,24,1
218,Conor Gallagher,MID,6,1.73,3,30.95,321.0,379.8,343.5,2.55,0,23,1,104.3,4.28,18,1608,66,4
219,Armando Broja,FWD,6,0.06,1,4.49,113.0,64.6,18.2,0.84,0,5,1,19.7,0.9,2,285,21,1
220,Ethan Ampadu,DEF,6,0.0,0,0.0,0.0,0.0,0.0,0.0,0,0,0,0.0,0.0,0,0,0,0
221,Wesley Fofana,DEF,6,0.29,1,22.96,86.0,289.2,59.0,0.74,0,24,0,43.8,1.03,14,1362,37,2
222,Raheem Sterling,MID,6,3.22,6,27.83,603.0,388.2,479.8,6.21,0,27,4,146.8,9.43,23,1886,101,5
223,Kalidou Koulibaly,DEF,6,0.43,2,22.43,141.0,497.4,104.1,0.88,0,22,1,74.5,1.31,20,1798,74,6
224,Harvey Vale,MID,6,0.0,0,0.0,0.0,0.0,0.0,0.0,0,0,0,0.0,0.0,0,0,0,0
225,Denis Zakaria,MID,6,0.05,0,6.69,24.0,44.6,22.6,0.19,0,5,0,9.2,0.24,5,409,13,2
226,Pierre-Emerick Aubameyang,FWD,6,0.18,1,8.66,177.0,55.0,59.4,1.53,0,8,0,28.5,1.71,5,546,25,1
227,Marcus Bettinelli,GKP,6,0.0,0,0.0,0.0,0.0,0.0,0.0,0,0,0,0.0,0.0,0,0,0,0
228,Omari Hutchinson,MID,6,0.02,0,0.63,4.0,1.0,1.8,0.0,0,0,0,0.7,0.02,0,22,1,0
229,Lewis Hall,MID,6,1.46,0,13.29,119.0,113.2,174.3,0.83,0,11,0,40.7,2.29,8,653,19,1
230,Bashir Humphreys,DEF,6,0.0,0,0.0,0.0,0.0,0.0,0.0,0,0,0,0.0,0.0,0,0,0,0
231,David Datro Fofana,FWD,6,0.04,0,1.72,30.0,15.2,34.6,0.57,0,1,0,8.0,0.61,1,68,3,0
232,Benoît Badiashile,DEF,6,0.2,1,12.31,81.0,219.8,49.1,1.26,0,9,0,35.1,1.46,10,904,40,4
233,João Félix Sequeira,FWD,6,0.99,4,14.18,287.0,203.6,135.2,4.62,0,16,0,61.9,5.6,11,936,44,2
234,Mykhailo Mudryk,MID,6,1.26,0,10.88,140.0,100.8,146.4,1.82,0,10,2,38.2,3.08,7,650,25,0
235,Andrey Nascimento dos Santos,MID,6,0.0,0,0.0,0.0,0.0,0.0,0.0,0,0,0,0.0,0.0,0,0,0,0
236,Noni Madueke,MID,6,0.72,1,13.11,182.0,130.8,131.9,0.9,0,13,0,44.6,1.62,7,639,26,0
237,Enzo Fernández,MID,6,2.64,0,24.91,64.0,298.2,307.3,0.78,0,25,2,67.1,3.42,18,1547,42,3
238,Ethan Wady,GKP,6,0.0,0,0.0,0.0,0.0,0.0,0.0,0,0,0,0.0,0.0,0,0,0,0
239,Alfie Gilchrist,DEF,6,0.0,0,0.0,0.0,0.0,0.0,0.0,0,0,0,0.0,0.0,0,0,0,0
240,Albert Sambi Lokonga,MID,7,0.18,0,8.12,20.0,98.4,57.2,0.17,0,8,0,17.6,0.35,8,728,23,2
241,Vicente Guaita,GKP,7,0.01,0,38.2,0.0,668.4,0.0,0.0,85,34,0,66.8,0.01,27,2430,99,6
242,James Tomkins,DEF,7,0.0,1,9.99,54.0,90.0,1.1,0.81,0,10,0,14.6,0.81,3,335,8,0
243,James McArthur,MID,7,0.0,0,0.41,0.0,6.8,1.7,0.0,0,0,0,0.9,0.0,0,50,4,0
244,Christian Benteke,FWD,7,0.0,0,0.0,0.0,0.0,0.0,0.0,0,0,0,0.0,0.0,0,0,0,0
245,Joel Ward,DEF,7,0.83,1,32.15,114.0,436.2,164.3,1.12,0,35,0,71.6,1.95,24,2253,78,8
246,Nathaniel Clyne,DEF,7,0.6,0,26.26,8.0,203.6,124.9,0.0,0,23,0,33.6,0.6,19,1638,44,3
247,Luka Milivojevic,MID,7,0.2,0,7.8,17.0,69.2,43.6,0.34,0,7,0,12.7,0.54,5,500,23,2
248,Jordan Ayew,MID,7,2.52,4,41.13,429.0,490.8,465.5,3.13,0,41,3,138.7,5.65,31,2708,104,8
249,Wilfried Zaha,MID,7,2.95,7,33.24,848.0,465.4,384.8,6.32,0,34,2,169.4,9.27,27,2289,95,5
250,Jeffrey Schlupp,MID,7,1.11,3,37.03,314.0,404.6,257.6,2.97,0,38,2,97.9,4.08,30,2528,89,9
251,Will Hughes,MID,7,0.63,1,13.05,57.0,153.2,102.1,0.34,0,11,1,31.0,0.97,7,822,41,1
252,Jairo Riedewald,MID,7,0.01,0,0.93,4.0,9.8,2.6,0.04,0,0,0,1.5,0.05,0,60,6,0
253,Joachim Andersen,DEF,7,1.04,1,36.23,273.0,641.8,146.3,1.87,0,37,0,106.4,2.91,32,2782,80,8
254,Odsonne Edouard,FWD,7,0.8,5,24.19,544.0,351.6,227.7,4.14,0,25,2,111.5,4.94,20,1788,82,5
255,Marc Guéhi,DEF,7,0.82,1,46.47,205.0,688.2,142.7,1.46,0,46,0,103.9,2.28,37,3330,95,9
256,Jean-Philippe Mateta,FWD,7,0.16,2,13.49,240.0,115.8,67.1,3.44,0,10,0,41.0,3.6,6,748,41,3
257,Eberechi Eze,MID,7,2.92,10,32.64,597.0,692.8,800.4,7.25,0,35,5,208.9,10.17,30,2631,159,9
258,Tyrick Mitchell,DEF,7,1.25,0,42.9,135.0,470.4,234.0,0.62,0,40,2,84.3,1.87,34,2889,93,8
259,Michael Olise,MID,7,6.42,2,37.03,462.0,606.6,1014.6,2.87,0,38,11,208.8,9.29,31,2743,132,8
260,Jesurun Rak-Sakyi,MID,7,0.0,0,0.0,0.0,0.0,0.0,0.0,0,0,0,0.0,0.0,0,0,0,0
261,Malcolm Ebiowei,MID,7,0.01,0,0.18,4.0,3.4,0.9,0.0,0,1,0,0.9,0.01,0,31,3,0
262,Nathan Ferguson,DEF,7,0.0,0,0.0,0.0,0.0,0.0,0.0,0,0,0,0.0,0.0,0,0,0,0
263,Sam Johnstone,GKP,7,0.0,0,8.81,0.0,155.0,0.0,0.0,26,10,0,15.6,0.0,9,810,36,3
264,Remi Matthews,GKP,7,0.0,0,0.0,0.0,0.0,0.0,0.0,0,0,0,0.0,0.0,0,0,0,0
265,Luke Plange,FWD,7,0.0,0,0.0,0.0,0.0,0.0,0.0,0,0,0,0.0,0.0,0,0,0,0
266,Cheick Doucouré,MID,7,1.22,0,40.18,157.0,471.4,345.8,1.45,0,41,3,97.6,2.67,34,2770,74,7
267,Chris Richards,DEF,7,0.05,0,11.19,26.0,92.4,15.3,0.71,0,11,0,13.2,0.76,4,443,13,1
268,Joseph Whitworth,GKP,7,0.0,0,2.07,0.0,41.8,0.0,0.0,5,5,0,4.2,0.0,2,180,3,0
269,Kaden Rodney,MID,7,0.0,0,0.0,0.0,0.0,0.0,0.0,0,0,0,0.0,0.0,0,0,0,0
270,Killian Phillips,MID,7,0.0,0,0.0,0.0,0.0,0.0,0.0,0,0,0,0.0,0.0,0,0,0,0
271,John-Kymani Gordon,FWD,7,0.0,0,0.0,0.0,0.0,0.0,0.0,0,0,0,0.0,0.0,0,0,0,0
272,Kofi Balmer,DEF,7,0.0,0,0.0,0.0,0.0,0.0,0.0,0,0,0,0.0,0.0,0,0,0,0
273,Owen Goodman,GKP,7,0.0,0,0.0,0.0,0.0,0.0,0.0,0,0,0,0.0,0.0,0,0,0,0
274,Jack Wells-Morrison,MID,7,0.0,0,0.0,0.0,0.0,0.0,0.0,0,0,0,0.0,0.0,0,0,0,0
275,David Ozoh,MID,7,0.0,0,0.0,0.0,0.0,0.8,0.0,0,0,0,0.1,0.0,0,1,1,0
276,Naouirou Ahamada,MID,7,0.02,0,1.83,14.0,7.4,13.2,0.15,0,2,0,3.0,0.17,0,87,7,0
277,Tayo Adaramola,DEF,7,0.0,0,0.0,0.0,0.0,0.0,0.0,0,0,0,0.0,0.0,0,0,0,0
278,Neal Maupay,FWD,8,0.24,1,22.04,429.0,85.8,109.9,4.91,0,19,0,62.2,5.15,11,1104,41,3
279,Asmir Begović,GKP,8,0.0,0,1.04,0.0,36.0,0.0,0.0,4,0,0,3.6,0.0,1,90,9,1
280,Salomón Rondón,FWD,8,0.14,0,2.8,41.0,7.4,26.1,0.79,0,2,0,7.3,0.93,1,103,7,0
281,Seamus Coleman,DEF,8,0.92,1,33.5,95.0,297.8,108.7,0.3,0,25,0,50.4,1.22,20,1654,63,5
282,Andros Townsend,MID,8,0.0,0,0.0,0.0,0.0,0.0,0.0,0,0,0,0.0,0.0,0,0,0,0
283,Michael Keane,DEF,8,0.83,1,23.98,131.0,242.6,42.6,1.29,0,22,2,41.7,2.12,10,983,39,2
284,Dele Alli,MID,8,0.0,0,1.68,6.0,0.6,2.2,0.0,0,1,0,0.9,0.0,0,38,2,0
285,Jordan Pickford,GKP,8,0.35,0,66.41,0.0,991.2,23.0,0.0,124,57,1,101.3,0.35,37,3330,124,8
286,Allan Marques Loureiro,MID,8,0.0,0,0.0,0.0,0.0,0.0,0.0,0,0,0,0.0,0.0,0,0,0,0
287,André Tavares Gomes,MID,8,0.0,0,0.0,0.0,0.0,0.0,0.0,0,0,0,0.0,0.0,0,0,0,0
288,Abdoulaye Doucouré,MID,8,1.52,5,32.1,229.0,315.8,261.2,2.61,0,27,2,80.3,4.13,17,1527,76,4
289,Alex Iwobi,MID,8,4.31,2,66.42,366.0,682.4,917.7,2.56,0,56,8,196.7,6.87,38,3379,126,9
290,Jean-Philippe Gbamin,MID,8,0.0,0,0.0,0.0,0.0,0.0,0.0,0,0,0,0.0,0.0,0,0,0,0
291,Yerry Mina,DEF,8,0.15,2,10.3,134.0,176.8,17.7,1.52,0,9,0,33.0,1.67,7,594,33,1
292,Demarai Gray,MID,8,3.82,4,46.59,670.0,410.4,605.2,6.17,0,39,1,168.5,9.99,27,2501,91,7
293,Tom Davies,MID,8,0.25,0,12.04,98.0,50.4,46.2,1.3,0,9,0,19.3,1.55,4,524,19,1
294,Dominic Calvert-Lewin,FWD,8,0.72,2,23.13,409.0,138.4,122.4,5.9,0,22,1,66.4,6.62,15,1166,40,4
295,Mason Holgate,DEF,8,0.17,0,9.49,55.0,90.4,71.9,1.0,0,9,0,21.5,1.17,5,506,16,2
296,Ben Godfrey,DEF,8,0.08,0,18.17,46.0,146.8,42.3,1.24,0,18,1,23.6,1.32,10,801,18,1
297,Vitalii Mykolenko,DEF,8,0.91,0,53.67,120.0,504.8,307.0,0.54,0,46,1,93.4,1.45,30,2653,75,7
298,Jarrad Branthwaite,DEF,8,0.0,0,0.0,0.0,0.0,0.0,0.0,0,0,0,0.0,0.0,0,0,0,0
299,Nathan Patterson,DEF,8,0.71,0,25.4,108.0,231.4,111.9,0.48,0,22,0,45.3,1.19,14,1274,31,2
300,Niels Nkounkou,DEF,8,0.0,0,0.0,0.0,0.0,0.0,0.0,0,0,0,0.0,0.0,0,0,0,0
301,James Tarkowski,DEF,8,1.89,1,67.45,435.0,1019.6,184.7,2.97,0,57,1,164.2,4.86,38,3420,106,9
302,Conor Coady,DEF,8,0.49,1,36.88,88.0,392.6,59.5,0.84,0,28,1,54.0,1.33,23,2094,77,7
303,Rúben Nascimento Vinagre,DEF,8,0.0,0,0.31,0.0,7.6,1.4,0.0,0,0,0,0.9,0.0,0,24,2,0
304,Dwight McNeil,MID,8,5.45,7,51.3,462.0,699.4,726.6,3.51,0,46,5,189.2,8.96,28,2490,126,5
305,Stanley Mills,MID,8,0.0,0,0.0,0.0,0.0,0.0,0.0,0,0,0,0.0,0.0,0,0,0,0
306,Lewis Warrington,MID,8,0.0,0,0.0,0.0,0.0,0.0,0.0,0,0,0,0.0,0.0,0,0,0,0
307,James Garner,MID,8,0.5,0,15.66,57.0,90.4,114.6,0.7,0,13,1,26.5,1.2,7,796,25,2
308,Amadou Onana,MID,8,1.66,1,47.89,280.0,347.2,295.1,2.95,0,37,3,92.0,4.61,29,2486,77,9
309,Reece Welch,DEF,8,0.0,0,0.0,0.0,0.0,0.0,0.0,0,0,0,0.0,0.0,0,0,0,0
310,Idrissa Gueye,MID,8,0.83,0,49.99,61.0,399.2,193.7,0.71,0,45,1,65.3,1.54,32,2577,66,8
311,Eldin Jakupovic,GKP,8,0.0,0,0.0,0.0,0.0,0.0,0.0,0,0,0,0.0,0.0,0,0,0,0
312,Kyle John,DEF,8,0.0,0,0.0,0.0,0.0,0.0,0.0,0,0,0,0.0,0.0,0,0,0,0
313,Thomas Cannon,FWD,8,0.0,0,0.44,21.0,5.0,11.6,0.09,0,1,0,3.8,0.09,0,23,2,0
314,Isaac Price,MID,8,0.02,0,0.33,0.0,9.6,15.6,0.0,0,0,0,2.5,0.02,0,32,0,0
315,Ellis Simms,FWD,8,0.15,1,6.4,54.0,40.8,39.3,0.86,0,4,0,13.0,1.01,2,219,17,0
316,Ishé Samuels-Smith,DEF,8,0.0,0,0.0,0.0,0.0,0.0,0.0,0,0,0,0.0,0.0,0,0,0,0
317,Andy Lonergan,GKP,8,0.0,0,0.0,0.0,0.0,0.0,0.0,0,0,0,0.0,0.0,0,0,0,0
318,Sean McAllister,MID,8,0.0,0,0.0,0.0,0.0,0.0,0.0,0,0,0,0.0,0.0,0,0,0,0
319,Cédric Alves Soares,DEF,9,0.19,0,2.83,10.0,56.4,51.4,0.06,0,3,0,11.9,0.25,2,223,10,0
320,Bernd Leno,GKP,9,0.0,0,62.75,0.0,1115.8,10.0,0.0,144,51,0,112.7,0.0,36,3240,142,8
321,Shane Duffy,DEF,9,0.0,0,1.56,7.0,0.2,0.2,0.16,0,4,0,0.2,0.16,0,17,4,0
322,Tom Cairney,MID,9,1.51,2,19.69,204.0,189.2,228.2,1.44,0,13,1,62.4,2.95,6,968,53,1
323,Tim Ream,DEF,9,0.27,1,54.05,76.0,604.2,65.2,0.24,0,44,0,74.8,0.51,33,2898,98,8
324,Anthony Knockaert,MID,9,0.0,0,0.0,0.0,0.0,0.0,0.0,0,0,0,0.0,0.0,0,0,0,0
325,Nathaniel Chalobah,MID,9,0.0,0,6.73,17.0,4.6,0.6,0.09,0,4,0,2.3,0.09,1,11,1,0
326,Neeskens Kebano,MID,9,0.88,0,12.37,112.0,119.6,179.7,0.48,0,10,4,41.5,1.36,9,758,40,3
327,Bobby De Cordova-Reid,MID,9,1.49,4,46.78,508.0,365.2,326.6,3.91,0,40,1,119.7,5.4,29,2473,90,8
328,Joe Bryan,DEF,9,0.0,0,0.0,0.0,0.0,0.0,0.0,0,0,0,0.0,0.0,0,0,0,0
329,Paulo Gazzaniga Farias,GKP,9,0.0,0,0.0,0.0,0.0,0.0,0.0,0,0,0,0.0,0.0,0,0,0,0
330,Terence Kongolo,DEF,9,0.0,0,0.0,0.0,0.0,0.0,0.0,0,0,0,0.0,0.0,0,0,0,0
331,Tosin Adarabioyo,DEF,9,0.47,1,43.91,128.0,495.0,89.8,0.71,0,39,0,71.4,1.18,23,2084,49,3
332,Aleksandar Mitrović,FWD,9,1.31,14,35.7,1141.0,584.8,216.5,15.31,0,30,2,193.1,16.62,23,2010,107,7
333,Harrison Reed,MID,9,2.04,3,53.81,266.0,480.4,495.6,1.95,0,44,4,124.2,3.99,35,2868,107,9
334,Harry Wilson,MID,9,1.03,2,21.44,173.0,209.2,182.1,2.03,0,15,5,56.4,3.06,13,1085,68,2
335,Marek Rodák,GKP,9,0.0,0,2.12,0.0,19.0,0.0,0.0,2,2,0,1.9,0.0,2,180,7,1
336,Ivan Neves Abreu Cavaleiro,MID,9,0.0,0,0.0,0.0,0.0,0.0,0.0,0,0,0,0.0,0.0,0,0,0,0
337,Kenny Tete,DEF,9,1.9,1,46.78,110.0,617.8,385.6,0.74,0,36,5,111.6,2.64,29,2569,90,7
338,Josh Onomah,MID,9,0.0,0,0.61,0.0,2.0,0.6,0.0,0,2,0,0.3,0.0,0,14,2,0
339,Antonee Robinson,DEF,9,1.68,0,55.11,57.0,553.0,417.6,0.07,0,44,2,102.9,1.75,35,3088,93,9
340,Rodrigo Muniz Carvalho,FWD,9,0.0,0,0.0,0.0,0.0,0.0,0.0,0,0,0,0.0,0.0,0,0,0,0
341,Jay Stansfield,FWD,9,0.03,0,1.8,46.0,8.4,12.8,0.25,0,2,1,6.7,0.28,1,85,7,0
342,João Palhinha Gonçalves,MID,9,0.39,3,56.38,336.0,560.4,141.8,2.93,0,43,0,104.2,3.32,35,3108,83,9
343,Daniel James,MID,9,0.75,2,19.98,218.0,144.6,121.4,2.02,0,18,1,48.1,2.77,7,802,45,1
344,Andreas Hoelgebaum Pereira,MID,9,4.26,4,47.49,495.0,440.6,965.0,7.16,0,40,10,189.3,11.42,33,2696,123,8
345,Issa Diop,DEF,9,0.49,1,35.86,78.0,432.6,27.7,0.29,0,26,0,53.8,0.78,21,2008,79,7
346,Tyrese Francois,MID,9,0.0,0,0.0,0.0,1.0,0.3,0.0,0,0,0,0.1,0.0,0,1,1,0
347,Kevin Mbabu,DEF,9,0.42,0,7.18,0.0,39.8,37.7,0.0,0,7,1,7.8,0.42,1,141,7,0
348,Luke Harris,MID,9,0.0,0,1.16,0.0,0.6,1.6,0.0,0,1,0,0.2,0.0,0,10,3,0
349,Manor Solomon,MID,9,0.78,4,12.18,107.0,214.8,86.0,1.21,0,11,0,40.8,1.99,4,560,44,0
350,Terry Ablade,FWD,9,0.0,0,0.0,0.0,0.0,0.0,0.0,0,0,0,0.0,0.0,0,0,0,0
351,Layvin Kurzawa,DEF,9,0.03,0,4.57,0.0,20.2,4.5,0.0,0,4,0,2.5,0.03,2,136,2,0
352,Willian Borges da Silva,MID,9,2.99,5,34.39,447.0,430.2,658.8,3.46,0,22,7,153.6,6.45,25,2127,116,9
353,Carlos Vinícius Alves Morais,FWD,9,0.72,5,24.8,370.0,244.0,118.3,3.04,0,20,2,72.7,3.76,11,1098,72,1
354,Stefan Parkes,DEF,9,0.0,0,0.0,0.0,0.0,0.0,0.0,0,0,0,0.0,0.0,0,0,0,0
355,Martial Godo,MID,9,0.0,0,0.0,0.0,0.0,0.0,0.0,0,0,0,0.0,0.0,0,0,0,0
356,Kristian Sekularac,MID,9,0.0,0,0.0,0.0,0.0,0.0,0.0,0,0,0,0.0,0.0,0,0,0,0
357,Sasa Lukic,MID,9,0.16,0,9.68,18.0,34.2,16.0,0.13,0,10,0,6.8,0.29,4,406,15,0
358,George Wickens,GKP,9,0.0,0,0.0,0.0,0.0,0.0,0.0,0,0,0,0.0,0.0,0,0,0,0
359,Charlie Robinson,DEF,9,0.0,0,0.0,0.0,0.0,0.0,0.0,0,0,0,0.0,0.0,0,0,0,0
360,Matthew Dibley-Dias,MID,9,0.0,0,0.0,0.0,0.0,0.0,0.0,0,0,0,0.0,0.0,0,0,0,0
361,Kasper Schmeichel,GKP,11,0.0,0,0.0,0.0,0.0,0.0,0.0,0,0,0,0.0,0.0,0,0,0,0
362,Jonny Evans,DEF,11,0.18,0,19.79,35.0,223.8,20.6,0.17,0,28,0,27.9,0.35,12,1051,20,2
363,Ryan Bertrand,DEF,11,0.0,0,0.0,0.0,0.0,0.0,0.0,0,0,0,0.0,0.0,0,0,0,0
364,Marc Albrighton,MID,11,0.41,1,4.04,43.0,76.8,95.2,0.37,0,3,0,21.4,0.78,1,232,13,0
365,Nampalys Mendy,MID,11,0.13,1,12.45,20.0,115.2,42.0,0.13,0,13,0,17.8,0.26,7,746,30,0
366,Jannik Vestergaard,DEF,11,0.0,0,0.0,0.0,0.0,0.0,0.0,0,0,0,0.0,0.0,0,0,0,0
367,Danny Ward,GKP,11,0.0,0,42.87,0.0,631.4,0.0,0.0,77,46,0,63.0,0.0,26,2340,91,6
368,Jamie Vardy,FWD,11,0.7,3,34.77,451.0,287.0,173.5,6.74,0,38,5,90.6,7.44,19,1841,82,4
369,Ricardo Barbosa Pereira,DEF,11,0.7,1,8.35,25.0,148.0,100.2,0.12,0,11,1,27.3,0.82,5,451,20,0
370,Daniel Amartey,DEF,11,0.44,0,27.56,50.0,358.4,79.8,1.07,0,27,0,48.9,1.51,18,1608,51,5
371,Timothy Castagne,DEF,11,2.13,2,60.78,289.0,679.8,377.3,2.16,0,63,4,135.0,4.29,36,3255,114,8
372,Youri Tielemans,MID,11,2.99,3,45.82,190.0,512.2,458.3,2.5,0,49,3,116.2,5.49,27,2341,86,6
373,Ayoze Pérez,MID,11,0.57,0,5.51,92.0,65.2,151.0,1.05,0,5,2,30.9,1.62,3,378,19,1
374,James Maddison,MID,11,5.53,10,47.16,769.0,785.4,970.0,8.5,0,54,9,252.9,14.03,28,2479,135,4
375,Kelechi Iheanacho,FWD,11,1.56,5,22.43,437.0,306.6,228.9,6.86,0,23,5,95.7,8.42,11,1112,82,1
376,Hamza Choudhury,MID,11,0.0,0,0.0,0.0,0.0,0.0,0.0,0,0,0,0.0,0.0,0,0,0,0
377,Harvey Barnes,MID,11,2.33,13,50.76,883.0,567.4,305.1,9.07,0,51,2,175.5,11.4,32,2709,138,6
378,Wilfred Ndidi,MID,11,0.18,0,32.28,45.0,317.6,73.0,0.22,0,39,0,43.2,0.4,19,1672,41,1
379,Kiernan Dewsbury-Hall,MID,11,2.62,2,40.23,233.0,446.6,527.7,2.17,0,41,3,121.0,4.79,28,2305,82,7
380,Çaglar Söyüncü,DEF,11,0.02,1,10.86,53.0,174.6,13.3,0.42,0,13,0,24.1,0.44,6,528,16,0
381,James Justin,DEF,11,0.49,0,21.31,40.0,208.4,138.8,0.31,0,25,2,38.7,0.8,14,1252,45,5
382,Boubakary Soumaré,MID,11,0.47,0,34.51,5.0,236.6,148.7,0.03,0,30,0,39.2,0.5,20,1624,41,6
383,Luke Thomas,DEF,11,0.48,0,23.11,12.0,166.8,89.4,0.09,0,20,1,26.8,0.57,11,1068,28,2
384,Patson Daka,FWD,11,1.69,4,20.81,440.0,295.2,223.6,3.55,0,24,4,95.1,5.24,13,1169,70,5
385,Lewis Brunt,DEF,11,0.01,0,0.78,0.0,2.2,1.0,0.0,0,1,0,0.3,0.01,0,22,1,0
386,Daniel Iversen,GKP,11,0.0,0,21.24,0.0,255.8,0.0,0.0,38,22,0,25.6,0.0,12,1080,29,1
387,Dennis Praet,MID,11,0.43,1,11.82,64.0,96.4,66.9,1.04,0,10,1,22.7,1.47,6,635,34,2
388,Alex Smithies,GKP,11,0.0,0,0.0,0.0,0.0,0.0,0.0,0,0,0,0.0,0.0,0,0,0,0
389,Wout Faes,DEF,11,0.58,1,52.76,93.0,662.4,115.6,1.2,0,51,2,87.1,1.78,31,2786,78,7
390,Sammy Braybrooke,MID,11,0.0,0,0.0,0.0,0.0,0.0,0.0,0,0,0,0.0,0.0,0,0,0,0
391,Joe Wormleighton,DEF,11,0.0,0,0.0,0.0,0.0,0.0,0.0,0,0,0,0.0,0.0,0,0,0,0
392,Kasey McAteer,MID,11,0.0,0,0.0,0.0,0.0,0.0,0.0,0,0,0,0.0,0.0,0,0,0,0
393,Victor Kristiansen,DEF,11,0.6,0,17.88,14.0,173.2,119.3,0.12,0,21,1,30.8,0.72,11,891,16,0
394,Mateus Cardoso Lemos Martins,MID,11,0.26,1,13.22,109.0,84.0,98.7,1.73,0,15,0,28.8,1.99,9,732,27,0
395,Harry Souttar,DEF,11,0.1,0,18.81,65.0,242.6,38.9,1.47,0,19,1,34.6,1.57,11,991,20,1
396,Wanya Marçal-Madivadua,MID,11,0.0,0,0.0,0.0,0.0,0.0,0.0,0,0,0,0.0,0.0,0,0,0,0
397,Liam Cooper,DEF,10,0.31,1,26.08,145.0,309.8,65.2,0.9,0,32,0,51.7,1.21,16,1425,31,2
398,Luke Ayling,DEF,10,2.24,2,42.12,264.0,451.8,209.3,2.93,0,48,1,92.8,5.17,22,2048,59,3
399,Mateusz Klich,MID,10,0.22,0,4.99,50.0,39.6,69.3,0.16,0,5,0,15.2,0.38,0,266,12,0
400,Adam Forshaw,MID,10,0.65,0,11.94,0.0,49.6,62.0,0.03,0,13,0,11.3,0.68,5,473,16,0
401,Rodrigo Moreno,MID,10,1.24,13,36.79,853.0,577.6,241.1,8.04,0,43,2,166.5,9.28,23,1928,127,5
402,Stuart Dallas,DEF,10,0.0,0,0.0,0.0,0.0,0.0,0.0,0,0,0,0.0,0.0,0,0,0,0
403,Patrick Bamford,FWD,10,0.9,4,27.99,588.0,252.2,171.6,8.51,0,31,5,99.6,9.41,18,1510,70,1
404,Diego Llorente,DEF,10,0.03,0,11.0,40.0,99.0,5.8,0.72,0,12,0,14.6,0.75,7,648,16,1
405,Tyler Roberts,MID,10,0.0,0,0.0,0.0,0.0,0.0,0.0,0,0,0,0.0,0.0,0,0,0,0
406,Robin Koch,DEF,10,0.47,0,63.02,201.0,589.2,72.9,1.59,0,74,0,86.3,2.06,36,3175,55,5
407,Raphael Dias Belloli,MID,10,0.0,0,0.0,0.0,0.0,0.0,0.0,0,0,0,0.0,0.0,0,0,0,0
408,Jack Harrison,MID,10,5.06,5,49.47,466.0,556.2,791.5,5.44,0,55,8,181.2,10.5,34,2707,134,6
409,Jamie Shackleton,MID,10,0.0,0,0.0,0.0,0.0,0.0,0.0,0,0,0,0.0,0.0,0,0,0,0
410,Pascal Struijk,DEF,10,1.2,2,42.41,253.0,544.4,216.2,1.35,0,52,2,101.5,2.55,26,2198,66,4
411,Kristoffer Klaesson,GKP,10,0.0,0,0.0,0.0,0.0,0.0,0.0,0,0,0,0.0,0.0,0,0,0,0
412,Sam Greenwood,FWD,10,1.06,1,11.8,85.0,121.8,210.5,0.69,0,11,2,41.6,1.75,3,410,30,0
413,Illan Meslier,GKP,10,0.01,0,57.06,17.0,738.6,0.0,0.12,94,67,0,75.9,0.13,34,3060,90,5
414,Junior Firpo Adames,DEF,10,0.75,1,29.81,41.0,286.0,123.4,0.12,0,33,2,45.0,0.87,14,1364,30,1
415,Crysencio Summerville,MID,10,1.11,4,28.93,357.0,311.8,222.6,2.83,0,38,4,88.6,3.94,12,1411,74,1
416,Lewis Bate,MID,10,0.0,0,0.0,0.0,0.0,0.0,0.0,0,0,0,0.0,0.0,0,0,0,0
417,Joe Gelhardt,FWD,10,0.4,0,2.79,114.0,49.4,32.1,0.84,0,3,2,19.4,1.24,1,201,20,0
418,Leo Fuhr Hjelde,DEF,10,0.0,0,0.0,0.0,0.0,0.0,0.0,0,0,0,0.0,0.0,0,0,0,0
419,Rasmus Kristensen,DEF,10,0.88,3,40.63,160.0,474.4,143.6,0.86,0,53,1,78.0,1.74,21,1957,51,2
420,Marc Roca Junqué,MID,10,2.49,1,46.6,323.0,433.6,475.8,2.1,0,60,3,123.1,4.59,29,2316,67,2
421,Brenden Aaronson,MID,10,2.51,1,48.74,439.0,306.0,662.6,3.98,0,58,4,141.1,6.49,28,2365,83,5
422,Darko Gyabi,MID,10,0.0,0,0.27,20.0,4.4,0.5,0.06,0,0,0,2.5,0.06,0,7,1,0
423,Tyler Adams,MID,10,1.05,0,32.69,24.0,393.6,328.9,0.11,0,36,0,74.9,1.16,24,2156,47,5
424,Luis Sinisterra Lucumí,MID,10,0.88,5,18.12,305.0,242.8,157.7,3.81,0,23,0,70.6,4.69,13,863,53,0
425,Cody Drameh,DEF,10,0.01,0,1.4,0.0,12.8,2.7,0.0,0,3,0,1.6,0.01,1,70,1,0
426,Archie Gray,MID,10,0.0,0,0.0,0.0,0.0,0.0,0.0,0,0,0,0.0,0.0,0,0,0,0
427,Joel Robles,GKP,10,0.01,0,9.16,0.0,93.2,0.0,0.0,16,11,0,9.3,0.01,4,360,7,0
428,Wilfried Gnonto,FWD,10,2.12,2,25.22,253.0,264.8,323.5,1.79,0,28,4,84.3,3.91,14,1346,55,4
429,Mateo Joseph Fernández,FWD,10,0.0,0,0.3,19.0,3.0,0.2,0.06,0,0,0,2.2,0.06,0,24,3,0
430,Sonny Perkins,FWD,10,0.0,0,0.0,0.0,0.0,0.0,0.0,0,0,0,0.0,0.0,0,0,0,0
431,Maximilian Wöber,DEF,10,0.37,0,22.73,54.0,273.4,65.8,0.77,0,23,0,39.5,1.14,14,1264,25,2
432,Georginio Rutter,FWD,10,0.23,0,5.68,41.0,36.2,38.3,0.41,0,9,1,11.4,0.64,1,263,15,0
433,Weston McKennie,MID,10,0.56,0,28.3,81.0,198.8,201.7,0.78,0,35,1,48.3,1.34,16,1434,31,1
434,Jeremiah Chilokoa-Mullen,DEF,10,0.0,0,0.0,0.0,0.0,0.0,0.0,0,0,0,0.0,0.0,0,0,0,0
435,Diogo Pinheiro Monteiro,DEF,10,0.0,0,0.0,0.0,0.0,0.0,0.0,0,0,0,0.0,0.0,0,0,0,0
436,James Milner,MID,12,1.63,0,13.56,92.0,172.8,207.2,0.4,0,12,1,47.2,2.03,7,889,42,3
437,Jordan Henderson,MID,12,3.59,0,31.96,174.0,307.4,506.1,1.35,0,30,3,99.1,4.93,23,2060,69,8
438,Joel Matip,DEF,12,0.93,1,16.46,90.0,223.4,49.5,0.87,0,20,0,36.2,1.8,12,1091,36,3
439,Thiago Alcántara do Nascimento,MID,12,1.18,0,21.41,86.0,244.4,265.8,0.46,0,23,0,59.8,1.64,14,1252,30,2
440,Alex Oxlade-Chamberlain,MID,12,0.18,1,6.64,84.0,72.4,66.3,1.27,0,7,0,22.3,1.45,4,332,20,0
441,Roberto Firmino,FWD,12,2.16,11,19.91,792.0,542.0,293.2,5.48,0,17,4,162.8,7.64,13,1202,104,4
442,Virgil van Dijk,DEF,12,1.09,3,41.17,389.0,743.2,121.0,2.5,0,36,1,125.4,3.59,32,2835,127,11
443,Alisson Ramses Becker,GKP,12,0.02,0,50.02,0.0,966.4,10.1,0.0,107,43,1,97.6,0.02,37,3330,162,14
444,Fabio Henrique Tavares,MID,12,1.87,0,39.21,109.0,379.2,302.0,0.7,0,34,2,79.0,2.57,31,2666,70,11
445,Mohamed Salah,MID,12,7.03,19,47.47,1620.0,1046.2,869.9,21.01,0,45,13,353.7,28.04,37,3290,239,13
446,Andrew Robertson,DEF,12,6.69,0,36.59,211.0,549.2,862.1,1.24,0,34,8,162.3,7.93,29,2579,121,9
447,Trent Alexander-Arnold,DEF,12,9.26,2,43.1,241.0,779.0,1168.2,2.36,0,44,11,219.0,11.62,34,2922,156,10
448,Joseph Gomez,DEF,12,0.67,0,25.28,27.0,297.8,43.7,0.2,0,16,0,36.9,0.87,15,1461,68,8
449,Naby Keita,MID,12,0.2,0,4.06,54.0,23.8,92.6,0.67,0,4,0,16.9,0.87,3,290,10,1
450,Diogo Teixeira da Silva,FWD,12,1.7,7,17.76,337.0,304.2,237.9,6.38,0,19,4,87.5,8.08,12,1125,80,5
451,Caoimhin Kelleher,GKP,12,0.0,0,1.77,0.0,0.0,0.0,0.0,6,4,0,0.0,0.0,1,90,2,0
452,Ibrahima Konaté,DEF,12,0.65,0,24.34,144.0,285.6,39.6,1.21,0,22,0,46.8,1.86,17,1551,49,7
453,Curtis Jones,MID,12,1.36,3,15.6,236.0,266.2,214.4,1.15,0,15,1,71.6,2.51,12,1029,52,4
454,Konstantinos Tsimikas,DEF,12,1.3,0,14.45,124.0,177.6,281.7,0.68,0,11,4,58.5,1.98,9,762,48,4
455,Luis Díaz,MID,12,1.32,4,11.99,388.0,236.2,176.7,2.48,0,11,2,80.1,3.8,11,991,62,4
456,Harvey Elliott,MID,12,4.31,1,26.07,363.0,257.0,372.3,2.12,0,20,2,99.4,6.43,18,1600,62,5
457,Fábio Freitas Gouveia Carvalho,MID,12,0.25,2,5.01,173.0,89.4,36.7,1.11,0,3,1,29.7,1.36,4,339,27,0
458,Darwin Núñez Ribeiro,FWD,12,2.66,9,28.62,1078.0,458.2,336.9,12.15,0,22,5,186.0,14.81,19,1684,100,7
459,Calvin Ramsay,DEF,12,0.0,0,0.0,0.0,0.0,0.0,0.0,0,0,0,0.0,0.0,0,0,0,0
460,Adrián San Miguel del Castillo,GKP,12,0.0,0,0.0,0.0,0.0,0.0,0.0,0,0,0,0.0,0.0,0,0,0,0
461,Rhys Williams,DEF,12,0.0,0,0.0,0.0,0.0,0.0,0.0,0,0,0,0.0,0.0,0,0,0,0
462,Ben Davies,DEF,12,0.0,0,0.0,0.0,0.0,0.0,0.0,0,0,0,0.0,0.0,0,0,0,0
463,Sepp van den Berg,DEF,12,0.0,0,0.0,0.0,0.0,0.0,0.0,0,0,0,0.0,0.0,0,0,0,0
464,Nathaniel Phillips,DEF,12,0.01,0,0.48,18.0,15.4,1.4,0.04,0,1,0,3.4,0.05,1,65,3,0
465,Luke Chambers,DEF,12,0.0,0,0.0,0.0,0.0,0.0,0.0,0,0,0,0.0,0.0,0,0,0,0
466,Stefan Bajcetic,MID,12,0.47,1,6.8,77.0,90.2,61.7,0.79,0,4,0,22.8,1.26,6,522,22,3
467,Bobby Clark,MID,12,0.09,0,0.0,2.0,0.0,0.3,0.0,0,0,0,0.2,0.09,0,7,1,0
468,Harvey Davies,GKP,12,0.0,0,0.0,0.0,0.0,0.0,0.0,0,0,0,0.0,0.0,0,0,0,0
469,Arthur Henrique Ramos de Oliveira Melo,MID,12,0.0,0,0.0,0.0,0.0,0.0,0.0,0,0,0,0.0,0.0,0,0,0,0
470,Ben Doak,MID,12,0.0,0,0.96,4.0,5.6,1.4,0.0,0,1,0,1.2,0.0,0,23,2,0
471,Cody Gakpo,MID,12,1.87,7,19.56,415.0,331.8,271.1,6.43,0,19,3,101.3,8.3,17,1455,90,6
472,Kyle Walker,DEF,13,1.32,0,20.07,39.0,223.8,176.2,0.39,0,20,0,43.8,1.71,22,1953,69,7
473,Ilkay Gündogan,MID,13,4.37,8,20.31,597.0,596.2,636.9,7.83,0,20,6,182.7,12.2,27,2351,132,10
474,Kevin De Bruyne,MID,13,13.69,7,19.88,598.0,897.8,1476.7,5.34,0,23,18,297.6,19.03,28,2413,183,10
475,John Stones,DEF,13,0.97,2,13.56,135.0,396.0,164.1,1.03,0,17,2,69.6,2.0,21,1844,93,7
476,Riyad Mahrez,MID,13,5.22,5,18.28,520.0,533.6,773.4,5.4,0,23,12,182.5,10.62,22,1913,126,6
477,Jack Grealish,MID,13,6.74,5,14.46,683.0,515.8,721.3,4.5,0,16,10,191.7,11.24,23,2051,121,10
478,João Cancelo,DEF,13,1.53,2,13.34,276.0,277.0,266.4,0.83,0,16,2,81.2,2.36,16,1273,73,6
479,Ederson Santana de Moraes,GKP,13,0.22,0,28.08,0.0,479.0,13.1,0.0,46,32,1,49.2,0.22,35,3150,121,11
480,Nathan Aké,DEF,13,1.3,1,16.48,150.0,383.4,161.6,1.55,0,15,0,69.7,2.85,22,1871,92,9
481,Aymeric Laporte,DEF,13,0.44,0,11.77,68.0,166.2,107.8,0.49,0,10,0,34.1,0.93,11,992,40,4
482,Zack Steffen,GKP,13,0.0,0,0.0,0.0,0.0,0.0,0.0,0,0,0,0.0,0.0,0,0,0,0
483,Bernardo Veiga de Carvalho e Silva,MID,13,3.83,4,23.24,424.0,492.0,515.0,2.09,0,24,6,143.1,5.92,24,2196,106,7
484,Rúben Gato Alves Dias,DEF,13,0.34,0,17.36,124.0,416.8,83.7,1.36,0,16,0,62.5,1.7,22,1997,80,9
485,Phil Foden,MID,13,4.73,11,17.62,712.0,671.2,670.8,5.75,0,16,7,205.4,10.48,22,1832,142,5
486,Rodrigo Hernandez,MID,13,3.49,2,25.24,493.0,716.0,555.9,4.53,0,26,6,176.9,8.02,34,2911,108,11
487,Cole Palmer,MID,13,0.49,0,7.13,97.0,59.2,72.4,0.36,0,4,1,23.1,0.85,2,358,19,1
488,James McAtee,MID,13,0.0,0,0.0,0.0,0.0,0.0,0.0,0,0,0,0.0,0.0,0,0,0,0
489,Erling Haaland,FWD,13,3.11,36,25.24,1825.0,1390.0,371.0,28.54,0,26,9,358.1,31.65,33,2767,272,13
490,Julián Álvarez,FWD,13,1.63,9,17.14,545.0,430.8,271.1,6.79,0,16,3,124.7,8.42,13,1448,103,5
491,Luke Mbete-Tabu,DEF,13,0.0,0,0.0,0.0,0.0,0.0,0.0,0,0,0,0.0,0.0,0,0,0,0
492,Josh Wilson-Esbrand,DEF,13,0.0,0,0.0,0.0,0.0,0.0,0.0,0,0,0,0.0,0.0,0,0,0,0
493,Liam Delap,FWD,13,0.0,0,0.0,0.0,0.0,0.0,0.0,0,0,0,0.0,0.0,0,0,0,0
494,Stefan Ortega Moreno,GKP,13,0.0,0,4.12,0.0,116.8,0.0,0.0,14,1,0,11.7,0.0,3,270,23,2
495,Kalvin Phillips,MID,13,0.11,0,5.05,19.0,39.0,46.5,0.28,0,3,0,10.5,0.39,2,291,14,1
496,Scott Carson,GKP,13,0.0,0,0.0,0.0,0.0,0.0,0.0,0,0,0,0.0,0.0,0,0,0,0
497,Rico Lewis,DEF,13,1.63,0,8.9,40.0,114.6,152.4,0.21,0,8,0,30.7,1.84,10,900,29,2
498,Sergio Gómez,DEF,13,1.05,0,5.9,24.0,66.2,52.8,0.37,0,6,1,14.3,1.42,2,340,21,1
499,Claudio Gomes,MID,13,0.0,0,0.0,0.0,0.0,0.0,0.0,0,0,0,0.0,0.0,0,0,0,0
500,Ben Knight,MID,13,0.0,0,0.0,0.0,0.0,0.0,0.0,0,0,0,0.0,0.0,0,0,0,0
501,Manuel Akanji,DEF,13,0.99,0,21.7,180.0,385.6,146.5,1.14,0,23,1,71.4,2.13,24,2284,82,7
502,Máximo Perrone,MID,13,0.01,0,0.19,4.0,1.0,2.6,0.0,0,1,0,0.8,0.01,0,18,1,0
503,Alex Robertson,MID,13,0.0,0,0.0,0.0,0.0,0.0,0.0,0,0,0,0.0,0.0,0,0,0,0
504,Shea Charles,MID,13,0.0,0,0.05,0.0,0.0,0.0,0.0,0,1,0,0.0,0.0,0,27,1,0
505,Nico O'Reilly,MID,13,0.0,0,0.0,0.0,0.0,0.0,0.0,0,0,0,0.0,0.0,0,0,0,0
506,Jack Butland,GKP,14,0.0,0,0.0,0.0,0.0,0.0,0.0,0,0,0,0.0,0.0,0,0,0,0
507,Cristiano Ronaldo dos Santos Aveiro,FWD,14,0.25,1,5.95,218.0,63.8,83.2,1.89,0,8,0,35.6,2.14,4,519,20,3
508,David De Gea Quintana,GKP,14,0.22,0,50.24,0.0,792.2,13.0,0.0,101,43,0,80.7,0.22,38,3420,161,17
509,Phil Jones,DEF,14,0.0,0,0.0,0.0,0.0,0.0,0.0,0,0,0,0.0,0.0,0,0,0,0
510,Raphaël Varane,DEF,14,0.51,0,27.27,124.0,387.0,74.0,0.75,0,22,0,58.8,1.26,22,1912,77,10
511,Harry Maguire,DEF,14,0.04,0,10.79,51.0,180.6,20.3,0.34,0,7,0,25.2,0.38,8,762,39,5
512,Frederico Rodrigues de Paula Santos,MID,14,1.77,2,21.86,213.0,282.2,335.9,2.03,0,22,3,83.0,3.8,12,1228,62,4
513,Luke Shaw,DEF,14,2.9,1,37.85,118.0,572.8,547.7,1.09,0,35,4,124.2,3.99,30,2552,124,12
514,Bruno Borges Fernandes,MID,14,10.7,8,49.13,948.0,948.0,1532.3,9.33,0,39,9,343.1,20.03,37,3317,176,18
515,Alex Telles,DEF,14,0.0,0,0.0,0.0,0.0,0.0,0.0,0,0,0,0.0,0.0,0,0,0,0
516,Marcus Rashford,MID,14,2.86,17,43.46,1427.0,887.8,459.7,15.27,0,39,7,277.6,18.13,32,2880,205,13
517,Donny van de Beek,MID,14,0.14,0,1.58,54.0,11.2,40.2,0.1,0,3,0,10.5,0.24,2,162,8,0
518,Victor Lindelöf,DEF,14,0.39,0,19.97,19.0,265.0,53.5,0.25,0,16,0,33.9,0.64,14,1359,57,6
519,Scott McTominay,MID,14,0.99,1,22.38,156.0,242.2,122.8,1.96,0,20,0,51.7,2.95,10,1149,36,4
520,Eric Bailly,DEF,14,0.0,0,0.0,0.0,0.0,0.0,0.0,0,0,0,0.0,0.0,0,0,0,0
521,Jadon Sancho,MID,14,4.13,6,24.95,382.0,390.6,543.9,4.02,0,18,3,131.7,8.15,21,1683,105,13
522,Aaron Wan-Bissaka,DEF,14,0.91,0,19.17,143.0,290.4,221.9,1.19,0,10,0,65.5,2.1,16,1432,67,8
523,Diogo Dalot Teixeira,DEF,14,1.53,1,34.27,272.0,469.4,418.6,2.49,0,34,2,116.0,4.02,24,2152,102,10
524,Brandon Williams,DEF,14,0.0,0,0.0,0.0,0.0,0.0,0.0,0,0,0,0.0,0.0,0,0,0,0
525,Anthony Elanga,MID,14,0.98,0,4.79,162.0,52.4,78.8,0.65,0,2,1,28.7,1.63,5,417,23,2
526,Anthony Martial,FWD,14,1.46,6,13.57,376.0,305.2,179.0,6.03,0,8,3,85.4,7.49,11,970,66,7
527,Facundo Pellistri Rebollo,MID,14,0.02,0,0.78,2.0,3.2,1.7,0.0,0,1,0,0.6,0.02,0,60,4,0
528,Tom Heaton,GKP,14,0.0,0,0.0,0.0,0.0,0.0,0.0,0,0,0,0.0,0.0,0,0,0,0
529,Tyrell Malacia,DEF,14,0.71,0,19.21,77.0,206.4,125.8,0.23,0,14,0,41.1,0.94,14,1391,62,7
530,Christian Eriksen,MID,14,3.49,1,26.02,344.0,420.8,564.3,4.79,0,25,9,132.8,8.28,25,2046,103,13
531,Lisandro Martínez,DEF,14,1.02,1,32.52,82.0,571.8,110.4,0.46,0,33,0,76.7,1.48,24,2113,81,9
532,Amad Diallo,MID,14,0.0,0,0.0,0.0,0.0,0.0,0.0,0,0,0,0.0,0.0,0,0,0,0
533,Zidane Iqbal,MID,14,0.0,0,0.0,0.0,0.0,0.0,0.0,0,0,0,0.0,0.0,0,0,0,0
534,Alejandro Garnacho,MID,14,0.95,3,8.02,266.0,153.8,58.5,2.97,0,13,2,47.9,3.92,5,557,39,0
535,Carlos Henrique Casimiro,MID,14,3.82,4,29.3,278.0,638.6,393.0,3.49,0,22,3,131.1,7.31,24,2122,87,10
536,Antony Matheus dos Santos,MID,14,2.42,4,25.37,633.0,322.0,421.0,6.65,0,21,2,137.1,9.07,23,1803,82,12
537,Matej Kovár,GKP,14,0.0,0,0.0,0.0,0.0,0.0,0.0,0,0,0,0.0,0.0,0,0,0,0
538,Kobbie Mainoo,MID,14,0.07,0,0.25,6.0,5.8,0.8,0.0,0,0,0,1.3,0.07,0,10,1,0
539,Nathan Bishop,GKP,14,0.0,0,0.0,0.0,0.0,0.0,0.0,0,0,0,0.0,0.0,0,0,0,0
540,Shola Shoretire,FWD,14,0.0,0,0.0,0.0,0.0,0.0,0.0,0,0,0,0.0,0.0,0,0,0,0
541,Rhys Bennett,DEF,14,0.0,0,0.0,0.0,0.0,0.0,0.0,0,0,0,0.0,0.0,0,0,0,0
542,Wout Weghorst,FWD,14,1.16,0,14.6,140.0,97.6,183.7,2.02,0,11,1,42.1,3.18,10,790,24,4
543,Marcel Sabitzer,MID,14,1.2,0,11.08,84.0,100.4,138.9,0.74,0,7,1,32.5,1.94,7,622,25,5
544,Marc Jurado Gomez,DEF,14,0.0,0,0.0,0.0,0.0,0.0,0.0,0,0,0,0.0,0.0,0,0,0,0
545,Anthony Gordon,MID,15,1.29,4,25.18,517.0,265.6,215.3,4.73,0,18,0,99.8,6.02,16,1574,68,4
546,Matt Ritchie,DEF,15,0.05,0,0.9,2.0,8.8,17.2,0.0,0,0,0,2.8,0.05,0,35,7,0
547,Federico Fernández,DEF,15,0.0,0,0.0,0.0,0.0,0.0,0.0,0,0,0,0.0,0.0,0,0,0,0
548,Ciaran Clark,DEF,15,0.0,0,0.0,0.0,0.0,0.0,0.0,0,0,0,0.0,0.0,0,0,0,0
549,Karl Darlow,GKP,15,0.0,0,0.0,0.0,0.0,0.0,0.0,0,0,0,0.0,0.0,0,0,0,0
550,Martin Dubravka,GKP,15,0.0,0,3.33,0.0,29.4,0.0,0.0,10,1,0,2.9,0.0,1,156,11,1
551,Callum Wilson,FWD,15,2.11,18,21.93,1020.0,720.0,271.0,16.43,0,16,6,200.4,18.54,21,1870,157,10
552,Kieran Trippier,DEF,15,12.03,1,38.41,117.0,904.8,1818.5,0.85,0,31,9,284.3,12.88,38,3342,198,16
553,Dan Burn,DEF,15,1.28,1,36.33,265.0,550.2,230.4,2.12,0,30,0,104.8,3.4,35,3109,129,14
554,Ryan Fraser,MID,15,0.25,0,3.34,70.0,26.8,74.0,0.31,0,3,0,17.2,0.56,3,308,11,1
555,Jamaal Lascelles,DEF,15,0.01,0,4.34,13.0,42.6,0.9,0.11,0,5,0,5.4,0.12,2,214,3,0
556,Dwight Gayle,FWD,15,0.0,0,0.0,0.0,0.0,0.0,0.0,0,0,0,0.0,0.0,0,0,0,0
557,Paul Dummett,DEF,15,0.0,0,0.0,0.0,0.0,0.0,0.0,0,0,0,0.0,0.0,0,0,0,0
558,Javier Manquillo Gaitán,DEF,15,0.01,0,0.97,2.0,12.0,5.5,0.0,0,1,0,2.0,0.01,0,34,4,0
559,Emil Krafth,DEF,15,0.0,0,0.1,0.0,0.0,0.0,0.0,0,0,0,0.0,0.0,0,1,1,0
560,Jacob Murphy,MID,15,2.95,4,16.13,410.0,275.0,302.5,3.46,0,12,2,98.9,6.41,14,1230,78,3
561,Fabian Schär,DEF,15,2.05,1,36.65,521.0,653.4,263.9,4.63,0,28,3,144.1,6.68,36,3207,139,15
562,Matt Targett,DEF,15,0.67,0,6.79,8.0,97.6,141.9,0.01,0,6,0,24.8,0.68,6,600,35,3
563,Allan Saint-Maximin,MID,15,2.59,1,13.91,370.0,266.4,344.1,1.6,0,14,6,98.2,4.19,12,1109,66,4
564,Miguel Almirón Rejala,MID,15,3.0,11,28.35,849.0,599.2,424.0,8.03,0,22,4,187.5,11.03,29,2487,158,15
565,Sean Longstaff,MID,15,2.57,1,27.57,408.0,385.2,372.0,3.3,0,18,5,116.8,5.87,28,2514,93,13
566,Joelinton Cássio Apolinário de Lira,MID,15,1.9,6,32.27,655.0,603.4,413.1,7.11,0,26,5,167.3,9.01,30,2660,115,11
567,Jamal Lewis,DEF,15,0.0,0,1.05,4.0,1.0,0.8,0.0,0,1,0,0.6,0.0,0,9,2,0
568,Joe Willock,MID,15,4.29,3,29.62,680.0,520.8,547.0,7.3,0,26,7,174.9,11.59,31,2556,123,12
569,Bruno Guimarães Rodriguez Moura,MID,15,3.72,4,29.82,284.0,617.6,631.8,2.82,0,25,5,153.6,6.54,32,2727,107,12
570,Jeff Hendrick,MID,15,0.0,0,0.0,0.0,0.0,0.0,0.0,0,0,0,0.0,0.0,0,0,0,0
571,Nick Pope,GKP,15,0.01,0,39.44,0.0,709.6,20.0,0.0,87,32,0,72.9,0.01,37,3261,157,14
572,Sven Botman,DEF,15,1.09,0,38.0,303.0,554.4,120.1,2.75,0,30,2,98.1,3.84,35,3127,129,13
573,Elliot Anderson,MID,15,1.45,0,6.03,180.0,70.2,114.7,1.14,0,7,1,36.5,2.59,3,395,30,1
574,Harrison Ashby,DEF,15,0.0,0,0.0,0.0,0.0,0.0,0.0,0,0,0,0.0,0.0,0,0,0,0
575,Alexander Isak,FWD,15,1.37,10,18.67,693.0,475.0,244.1,8.11,0,20,2,141.1,9.48,17,1520,100,4
576,Loris Karius,GKP,15,0.0,0,0.0,0.0,0.0,0.0,0.0,0,0,0,0.0,0.0,0,0,0,0
577,Garang Kuol,MID,15,0.0,0,0.0,0.0,0.0,0.0,0.0,0,0,0,0.0,0.0,0,0,0,0
578,Lewis Miley,MID,15,0.0,0,0.87,0.0,0.0,0.0,0.08,0,0,0,0.0,0.08,0,14,1,0
579,Mark Gillespie,GKP,15,0.0,0,0.0,0.0,0.0,0.0,0.0,0,0,0,0.0,0.0,0,0,0,0
580,Neco Williams,DEF,16,1.22,1,39.55,209.0,372.2,257.3,1.24,0,41,1,84.0,2.46,20,1872,54,4
581,Jonjo Shelvey,MID,16,0.66,0,11.62,11.0,55.6,102.1,0.19,0,11,0,16.3,0.85,6,573,16,1
582,Chris Wood,FWD,16,0.37,3,11.8,169.0,145.2,82.1,2.71,0,9,0,39.3,3.08,9,807,53,4
583,Harry Arter,MID,16,0.0,0,0.0,0.0,0.0,0.0,0.0,0,0,0,0.0,0.0,0,0,0,0
584,Steve Cook,DEF,16,0.59,0,15.15,28.0,177.4,39.3,0.13,0,21,0,24.4,0.72,11,956,20,2
585,Lyle Taylor,FWD,16,0.0,0,0.0,0.0,0.0,0.0,0.0,0,0,0,0.0,0.0,0,0,0,0
586,Jack Colback,MID,16,0.15,0,9.82,2.0,62.0,33.7,0.0,0,11,0,9.9,0.15,4,492,14,0
587,Brice Samba,GKP,16,0.0,0,0.0,0.0,0.0,0.0,0.0,0,0,0,0.0,0.0,0,0,0,0
588,Carlos Ribeiro Dias,MID,16,0.0,0,0.21,0.0,2.4,0.1,0.0,0,0,0,0.3,0.0,0,6,1,0
589,Joe Lolley,MID,16,0.0,0,0.0,0.0,0.0,0.0,0.0,0,0,0,0.0,0.0,0,0,0,0
590,Scott McKenna,DEF,16,0.42,0,28.95,46.0,278.8,93.9,0.07,0,32,0,41.8,0.49,19,1570,40,5
591,Mohamed Dräger,DEF,16,0.0,0,0.0,0.0,0.0,0.0,0.0,0,0,0,0.0,0.0,0,0,0,0
592,Ryan Yates,MID,16,0.43,0,29.34,233.0,206.8,97.3,1.99,0,36,3,53.1,2.42,21,1833,53,5
593,Joe Worrall,DEF,16,0.55,1,44.46,92.0,471.0,66.4,0.85,0,44,0,62.5,1.4,21,2215,61,5
594,Jonathan Panzo,DEF,16,0.0,0,0.0,0.0,0.0,0.0,0.0,0,0,0,0.0,0.0,0,0,0,0
595,Xande Nascimento da Costa Silva,MID,16,0.0,0,0.0,0.0,0.0,0.0,0.0,0,0,0,0.0,0.0,0,0,0,0
596,Sam Surridge,FWD,16,0.02,1,8.6,92.0,59.4,15.9,1.71,0,5,0,15.7,1.73,1,306,26,0
597,Richie Laryea,DEF,16,0.0,0,0.0,0.0,0.0,0.0,0.0,0,0,0,0.0,0.0,0,0,0,0
598,Loïc Mbe Soh,DEF,16,0.0,0,0.0,0.0,0.0,0.0,0.0,0,0,0,0.0,0.0,0,0,0,0
599,Brennan Johnson,FWD,16,2.0,8,53.79,729.0,478.2,373.6,8.39,0,54,5,157.4,10.39,33,2930,122,7
600,Alex Mighten,MID,16,0.0,0,0.23,0.0,0.0,0.3,0.0,0,0,0,0.0,0.0,0,7,1,0
601,Braian Ojeda Rodríguez,MID,16,0.0,0,0.0,0.0,0.0,0.0,0.0,0,0,0,0.0,0.0,0,0,0,0
602,Taiwo Awoniyi,FWD,16,0.29,10,26.43,378.0,375.8,129.6,6.86,0,29,1,87.8,7.15,17,1395,100,5
603,Dean Henderson,GKP,16,0.01,0,26.97,0.0,474.4,0.0,0.0,54,31,0,47.5,0.01,18,1620,82,6
604,Giulian Biancone,DEF,16,0.0,0,0.55,0.0,6.8,0.0,0.0,0,1,0,0.7,0.0,0,15,2,0
605,Willy Boly,DEF,16,0.27,0,10.37,24.0,145.0,11.8,0.05,0,10,1,18.3,0.32,9,684,37,3
606,Morgan Gibbs-White,MID,16,6.06,5,57.88,624.0,593.4,941.1,6.77,0,61,12,215.7,12.83,36,3151,145,8
607,Moussa Niakhaté,DEF,16,0.15,0,23.87,61.0,173.4,14.8,0.66,0,22,0,24.9,0.81,14,1163,25,2
608,Omar Richards,DEF,16,0.0,0,0.0,0.0,0.0,0.0,0.0,0,0,0,0.0,0.0,0,0,0,0
609,Wayne Hennessey,GKP,16,0.0,0,5.43,0.0,62.2,0.0,0.0,10,5,0,6.3,0.0,3,271,8,0
610,Harry Toffolo,DEF,16,0.93,0,19.73,67.0,147.0,93.5,0.28,0,17,0,30.6,1.21,9,933,30,2
611,Lewis O'Brien,MID,16,0.19,1,14.13,47.0,107.8,56.4,0.34,0,14,0,21.1,0.53,6,578,22,1
612,Jesse Lingard,MID,16,0.47,0,15.53,127.0,50.6,151.9,1.04,0,17,1,32.9,1.51,12,918,33,5
613,Orel Mangala,MID,16,0.7,1,29.46,75.0,191.4,61.6,0.57,0,24,1,32.8,1.27,20,1543,50,5
614,Oliver Hammond,MID,16,0.0,0,0.0,0.0,0.0,0.0,0.0,0,0,0,0.0,0.0,0,0,0,0
615,Remo Freuler,MID,16,0.79,0,41.93,54.0,272.2,174.7,0.42,0,47,0,50.3,1.21,24,2157,54,6
616,Cheikhou Kouyaté,MID,16,0.33,1,17.06,81.0,158.8,82.8,0.36,0,23,0,32.2,0.69,10,871,35,2
617,Emmanuel Dennis,FWD,16,0.4,2,13.59,286.0,166.4,96.8,1.73,0,17,2,54.6,2.13,6,709,39,1
618,Renan Augusto Lodi dos Santos,DEF,16,1.3,0,41.3,97.0,319.0,208.2,0.94,0,48,2,62.5,2.24,26,2211,56,5
619,Loïc Badé,DEF,16,0.0,0,0.0,0.0,0.0,0.0,0.0,0,0,0,0.0,0.0,0,0,0,0
620,Serge Aurier,DEF,16,0.92,1,33.13,112.0,431.0,164.1,0.74,0,31,0,70.9,1.66,22,1943,70,6
621,Dale Taylor,FWD,16,0.0,0,0.0,0.0,0.0,0.0,0.0,0,0,0,0.0,0.0,0,0,0,0
622,Jordan Smith,GKP,16,0.0,0,0.0,0.0,0.0,0.0,0.0,0,0,0,0.0,0.0,0,0,0,0
623,Gustavo Henrique Furtado Scarpa,MID,16,0.04,0,2.87,25.0,15.0,17.3,0.23,0,1,0,5.7,0.27,2,177,5,0
624,Danilo dos Santos de Oliveira,MID,16,0.56,3,20.32,113.0,253.8,108.1,1.58,0,18,2,47.1,2.14,12,976,48,1
625,Keylor Navas,GKP,16,0.01,0,33.0,0.0,387.6,0.0,0.0,51,32,0,38.7,0.01,17,1530,43,2
626,Felipe Augusto de Almeida Monteiro,DEF,16,1.15,0,31.83,130.0,379.0,79.5,1.2,0,32,1,59.0,2.35,15,1417,25,1
627,André Ayew,MID,16,0.03,0,7.41,53.0,34.0,17.1,1.06,0,10,0,10.5,1.09,1,306,11,0
628,George Shelvey,GKP,16,0.0,0,0.0,0.0,0.0,0.0,0.0,0,0,0,0.0,0.0,0,0,0,0
629,Ainsley Maitland-Niles,MID,17,0.76,0,22.2,23.0,280.2,159.2,0.02,0,31,1,46.0,0.78,13,1400,38,3
630,Roméo Lavia,MID,17,0.62,1,41.72,46.0,344.8,247.1,0.42,0,50,1,64.2,1.04,26,2219,57,4
631,Theo Walcott,MID,17,1.52,2,24.71,199.0,164.6,159.1,2.39,0,30,2,52.1,3.91,13,1123,49,2
632,Alex McCarthy,GKP,17,0.0,0,15.16,0.0,84.2,0.0,0.0,14,17,0,8.4,0.0,6,540,8,0
633,Oriol Romeu Vidal,MID,17,0.2,0,1.45,2.0,6.2,3.8,0.0,0,4,0,1.2,0.2,1,74,2,0
634,Nathan Redmond,MID,17,0.0,0,0.02,0.0,0.0,0.0,0.0,0,0,0,0.0,0.0,0,1,1,0
635,Stuart Armstrong,MID,17,2.73,2,28.64,267.0,234.2,282.8,2.31,0,34,2,78.6,5.04,14,1391,57,1
636,Mohamed Elyounoussi,MID,17,1.53,1,37.02,388.0,285.0,297.2,3.52,0,45,1,96.8,5.05,27,2162,62,2
637,James Ward-Prowse,MID,17,5.3,9,60.71,319.0,880.4,1162.9,5.86,0,72,4,236.3,11.16,38,3371,142,4
638,Adam Armstrong,FWD,17,0.75,2,24.77,275.0,142.0,148.8,2.23,0,24,1,55.6,2.98,14,1321,54,1
639,Kyle Walker-Peters,DEF,17,2.5,1,51.26,198.0,403.4,277.9,1.08,0,58,0,87.9,3.58,30,2650,56,3
640,Jan Bednarek,DEF,17,0.26,0,36.14,43.0,415.0,38.4,0.42,0,40,0,49.7,0.68,21,1770,32,3
641,Che Adams,FWD,17,2.19,5,34.19,583.0,340.4,336.4,6.48,0,41,5,124.6,8.67,23,1987,94,4
642,Nathan Tella,MID,17,0.0,0,0.0,0.0,0.0,0.0,0.0,0,0,0,0.0,0.0,0,0,0,0
643,Lyanco Silveira Neves Vojnovic,DEF,17,0.12,1,23.36,114.0,281.6,52.8,0.58,0,26,1,45.0,0.7,11,1173,29,0
644,Yan Valery,DEF,17,0.0,0,0.99,0.0,4.0,0.9,0.0,0,2,0,0.5,0.0,1,45,0,0
645,Will Smallbone,MID,17,0.0,0,0.0,0.0,0.0,0.0,0.0,0,0,0,0.0,0.0,0,0,0,0
646,Ibrahima Diallo,MID,17,0.12,0,14.48,28.0,85.4,66.0,0.21,0,19,0,17.7,0.33,11,813,19,0
647,Romain Perraud,DEF,17,1.86,2,30.64,298.0,360.6,251.8,1.26,0,35,2,90.9,3.12,22,1828,71,4
648,Moussa Djenepo,MID,17,0.43,0,11.26,70.0,141.8,123.2,0.15,0,14,2,33.7,0.58,7,702,27,0
649,Tino Livramento,DEF,17,0.0,0,1.41,0.0,5.8,0.0,0.0,0,0,0,0.6,0.0,0,26,2,0
650,Mohammed Salisu,DEF,17,0.5,0,28.84,167.0,537.4,109.7,1.4,0,41,1,81.5,1.9,21,1971,33,1
651,Mateusz Lis,GKP,17,0.0,0,0.0,0.0,0.0,0.0,0.0,0,0,0,0.0,0.0,0,0,0,0
652,Gavin Bazunu,GKP,17,0.05,0,46.75,0.0,633.0,10.0,0.0,69,56,0,64.2,0.05,32,2880,84,4
653,Armel Bella-Kotchap,DEF,17,0.44,0,35.93,105.0,422.4,76.4,1.05,0,39,2,60.6,1.49,24,1881,49,3
654,Willy Caballero,GKP,17,0.0,0,0.0,0.0,0.0,0.0,0.0,0,0,0,0.0,0.0,0,0,0,0
655,Joe Ayodele-Aribo,MID,17,0.44,2,17.11,366.0,209.6,137.1,1.54,0,24,0,71.5,1.98,13,1219,46,1
656,Sékou Mara,FWD,17,0.31,1,9.39,169.0,104.8,77.5,1.02,0,10,2,33.9,1.33,4,538,32,0
657,Juan Larios López,DEF,17,0.02,0,2.48,4.0,27.6,7.8,0.0,0,2,0,3.9,0.02,2,150,4,0
658,Duje Caleta-Car,DEF,17,0.14,1,15.36,69.0,262.4,16.2,0.83,0,15,0,34.9,0.97,9,942,28,1
659,Samuel Edozie,MID,17,0.43,0,7.27,133.0,89.2,110.3,0.88,0,9,0,33.2,1.31,5,554,23,1
660,Lewis Payne,MID,17,0.0,0,0.0,0.0,0.0,0.0,0.0,0,0,0,0.0,0.0,0,0,0,0
661,Ryan Finnigan,MID,17,0.0,0,0.0,0.0,0.0,0.0,0.0,0,0,0,0.0,0.0,0,0,0,0
662,Jimmy Morgan,FWD,17,0.0,0,0.0,0.0,0.0,0.0,0.0,0,0,0,0.0,0.0,0,0,0,0
663,Mislav Orsic,MID,17,0.0,0,0.0,0.0,2.0,0.3,0.0,0,0,0,0.2,0.0,0,6,1,0
664,Carlos Alcaraz,MID,17,0.71,4,22.83,190.0,199.0,64.4,1.76,0,25,2,45.1,2.47,13,1024,55,0
665,James Bree,DEF,17,0.31,0,9.23,4.0,49.2,65.3,0.03,0,12,0,11.7,0.34,4,366,4,0
666,Kamaldeen Sulemana,MID,17,1.01,2,18.24,164.0,105.2,175.5,1.76,0,20,1,44.5,2.77,10,959,45,3
667,Paul Onuachu,FWD,17,0.07,0,6.08,126.0,30.2,52.8,1.26,0,7,0,20.6,1.33,4,401,14,1
668,Kamari Doyle,MID,17,0.0,0,0.31,0.0,0.0,0.3,0.0,0,0,0,0.0,0.0,0,6,1,0
669,Dominic Ballard,FWD,17,0.0,0,1.06,0.0,1.0,0.3,0.0,0,0,0,0.1,0.0,0,24,2,0
670,Samuel Amo-Ameyaw,MID,17,0.0,0,0.61,0.0,0.0,0.0,0.0,0,0,0,0.0,0.0,0,3,1,0
671,Hugo Lloris,GKP,1,0.0,0,30.16,0.0,540.0,0.0,0.0,79,39,0,54.0,0.0,25,2205,89,7
672,Fraser Forster,GKP,1,0.0,0,19.21,0.0,256.8,0.0,0.0,32,24,0,25.8,0.0,13,1215,40,3
673,Harry Kane,FWD,1,4.01,30,49.11,1707.0,1256.6,744.8,20.95,0,62,9,371.0,24.96,38,3406,263,11
674,Son Heung-min,MID,1,4.56,10,42.74,910.0,709.2,829.3,9.8,0,55,6,244.7,14.36,33,2886,152,9
675,Matt Doherty,DEF,1,0.27,1,8.61,146.0,147.0,110.5,0.74,0,9,0,40.3,1.01,7,663,35,3
676,Eric Dier,DEF,1,0.55,2,43.12,235.0,653.2,112.3,1.76,0,52,1,100.1,2.31,31,2816,96,9
677,Lucas Rodrigues Moura da Silva,MID,1,0.46,1,2.68,43.0,29.0,55.8,0.55,0,5,0,12.7,1.01,0,145,17,0
678,Ben Davies,DEF,1,1.47,2,26.59,172.0,407.8,276.9,1.01,0,33,3,85.8,2.48,26,2284,99,9
679,Pierre-Emile Højbjerg,MID,1,3.13,4,45.05,237.0,758.0,501.7,2.02,0,57,5,150.0,5.15,35,3131,120,10
680,Harry Winks,MID,1,0.0,0,0.0,0.0,0.0,0.0,0.0,0,0,0,0.0,0.0,0,0,0,0
681,Davinson Sánchez,DEF,1,0.2,0,12.76,52.0,180.6,29.9,0.65,0,17,0,26.3,0.85,8,848,28,2
682,Ryan Sessegnon,DEF,1,1.1,2,10.48,290.0,148.6,103.0,1.64,0,15,1,54.3,2.74,9,805,35,1
683,Steven Bergwijn,MID,1,0.0,0,0.0,0.0,0.0,0.0,0.0,0,0,0,0.0,0.0,0,0,0,0
684,Sergio Reguilón,DEF,1,0.0,0,0.0,0.0,0.0,0.0,0.0,0,0,0,0.0,0.0,0,0,0,0
685,Japhet Tanganga,DEF,1,0.01,0,3.69,0.0,27.6,6.2,0.0,0,5,0,3.3,0.01,2,145,4,0
686,Rodrigo Bentancur,MID,1,0.68,5,19.71,236.0,489.6,180.2,2.26,0,24,2,90.7,2.94,17,1501,71,6
687,Oliver Skipp,MID,1,0.41,1,22.65,52.0,198.2,146.1,0.29,0,28,0,39.8,0.7,18,1489,43,4
688,Joe Rodon,DEF,1,0.0,0,0.0,0.0,0.0,0.0,0.0,0,0,0,0.0,0.0,0,0,0,0
689,Cristian Romero,DEF,1,1.02,0,34.11,91.0,546.2,136.2,1.5,0,41,2,77.3,2.52,26,2363,66,8
690,Yves Bissouma,MID,1,0.37,0,13.91,23.0,111.0,135.0,0.17,0,20,0,26.8,0.54,10,998,27,1
691,Emerson Leite de Souza Junior,DEF,1,0.97,2,22.24,230.0,376.2,178.9,1.61,0,27,2,78.7,2.58,20,1729,86,7
692,Dejan Kulusevski,MID,1,4.76,2,30.15,514.0,409.2,627.6,2.68,0,40,7,154.7,7.44,23,2062,96,8
693,Dane Scarlett,FWD,1,0.0,0,0.0,0.0,0.0,0.0,0.0,0,0,0,0.0,0.0,0,0,0,0
694,Ivan Perišić,DEF,1,5.23,1,33.91,394.0,517.8,732.8,2.48,0,44,8,164.2,7.71,23,2099,94,6
695,Harvey White,MID,1,0.04,0,0.0,0.0,2.0,7.3,0.0,0,0,0,0.9,0.04,0,4,1,0
696,Pape Matar Sarr,MID,1,0.03,0,5.8,4.0,30.4,16.0,0.06,0,11,1,5.0,0.09,2,211,14,0
697,Brandon Austin,GKP,1,0.0,0,0.0,0.0,0.0,0.0,0.0,0,0,0,0.0,0.0,0,0,0,0
698,Alfie Devine,MID,1,0.0,0,0.0,0.0,0.0,0.0,0.0,0,0,0,0.0,0.0,0,0,0,0
699,Troy Parrott,FWD,1,0.0,0,0.0,0.0,0.0,0.0,0.0,0,0,0,0.0,0.0,0,0,0,0
700,Richarlison de Andrade,FWD,1,1.46,1,14.99,401.0,201.6,221.0,3.43,0,18,5,82.0,4.89,12,995,54,3
701,Clément Lenglet,DEF,1,0.78,0,28.57,130.0,380.8,136.1,0.98,0,35,2,64.7,1.76,24,2018,63,5
702,Djed Spence,DEF,1,0.0,0,0.47,20.0,0.2,1.3,0.06,0,0,0,2.2,0.06,0,5,4,0
703,Bryan Gil Salvatierra,MID,1,0.08,0,0.9,27.0,30.4,27.5,0.1,0,1,1,8.5,0.18,2,146,9,1
704,Arnaut Danjuma,MID,1,0.07,1,2.31,71.0,53.2,25.1,0.84,0,5,0,14.8,0.91,1,162,15,0
705,Pedro Porro,DEF,1,2.29,3,19.42,150.0,268.6,377.9,1.81,0,26,3,79.6,4.1,13,1132,59,2
706,Romaine Mundle,MID,1,0.0,0,0.0,0.0,0.0,0.0,0.0,0,0,0,0.0,0.0,0,0,0,0
707,George Abbott,MID,1,0.0,0,0.0,0.0,0.0,0.0,0.0,0,0,0,0.0,0.0,0,1,1,0
708,Matthew Craig,MID,1,0.0,0,0.1,0.0,0.0,0.0,0.0,0,0,0,0.0,0.0,0,13,1,0
709,Yago de Santiago Alonso,MID,1,0.0,0,0.0,0.0,0.0,0.0,0.0,0,0,0,0.0,0.0,0,0,0,0
710,Danny Ings,FWD,19,1.27,8,26.29,604.0,398.4,186.0,8.43,0,26,2,118.6,9.7,15,1579,97,5
711,Lukasz Fabianski,GKP,19,0.0,0,45.55,0.0,755.6,0.0,0.0,109,48,0,75.4,0.0,36,3111,127,9
712,Angelo Ogbonna,DEF,19,0.07,0,20.42,24.0,212.8,35.2,0.26,0,19,0,27.4,0.33,13,1234,44,4
713,Aaron Cresswell,DEF,19,2.85,0,32.82,81.0,411.6,632.9,0.36,0,32,1,113.0,3.21,24,2235,74,6
714,Michail Antonio,FWD,19,0.58,5,29.47,559.0,305.8,207.7,6.69,0,29,3,107.0,7.27,21,1822,84,5
715,Manuel Lanzini,MID,19,0.29,1,5.97,37.0,50.6,21.9,0.54,0,5,0,10.8,0.83,2,243,17,0
716,Kurt Zouma,DEF,19,0.11,2,27.88,239.0,415.0,18.7,1.96,0,29,1,67.4,2.07,24,1988,88,7
717,Arthur Masuaku,DEF,19,0.0,0,0.0,0.0,0.0,0.0,0.0,0,0,0,0.0,0.0,0,0,0,0
718,Vladimir Coufal,DEF,19,1.71,0,30.46,54.0,361.6,330.5,0.28,0,35,2,74.9,1.99,24,2135,58,4
719,Saïd Benrahma,MID,19,3.28,6,32.76,653.0,510.0,613.9,7.04,0,32,3,177.7,10.32,22,2059,106,6
720,Jarrod Bowen,MID,19,6.0,6,47.84,1076.0,625.8,674.8,9.38,0,50,9,237.9,15.38,36,3232,145,9
721,Nikola Vlasic,MID,19,0.0,0,0.0,0.0,0.0,0.0,0.0,0,0,0,0.0,0.0,0,0,0,0
722,Declan Rice,MID,19,1.85,4,48.28,226.0,777.6,522.4,2.4,0,50,3,152.7,4.25,36,3272,116,9
723,Tomas Soucek,MID,19,1.03,2,43.04,472.0,565.6,230.1,4.02,0,42,4,127.1,5.05,32,2811,100,8
724,Pablo Fornals Malla,MID,19,2.01,3,25.06,182.0,226.6,281.0,2.13,0,28,1,68.7,4.14,17,1493,71,1
725,Ben Johnson,DEF,19,0.4,0,15.66,20.0,161.6,76.8,0.06,0,13,0,25.9,0.46,9,860,29,2
726,Nayef Aguerd,DEF,19,0.23,2,28.42,113.0,404.4,67.5,2.23,0,28,0,58.5,2.46,17,1594,58,5
727,Alphonse Areola,GKP,19,0.0,0,7.63,0.0,69.4,0.0,0.0,9,7,0,6.8,0.0,2,307,7,0
728,Flynn Downes,MID,19,0.11,0,13.53,51.0,55.8,28.9,0.43,0,14,0,13.4,0.54,7,752,27,1
729,Gianluca Scamacca,FWD,19,0.51,3,11.41,312.0,151.8,160.7,2.42,0,12,0,62.0,2.93,11,921,41,3
730,Emerson Palmieri dos Santos,DEF,19,0.77,1,23.26,178.0,224.8,188.8,0.8,0,28,0,59.4,1.57,16,1317,39,2
731,Conor Coventry,MID,19,0.0,0,0.0,0.0,0.0,0.0,0.0,0,0,0,0.0,0.0,0,1,1,0
732,Armstrong Oko-Flex,MID,19,0.0,0,0.0,0.0,0.0,0.0,0.0,0,0,0,0.0,0.0,0,0,0,0
733,Maxwel Cornet,MID,19,0.12,0,4.77,62.0,27.2,28.7,1.26,0,5,0,11.3,1.38,2,232,14,0
734,Thilo Kehrer,DEF,19,0.63,0,31.51,83.0,347.6,126.2,0.49,0,34,3,56.0,1.12,25,2229,67,5
735,Lucas Tolentino Coelho de Lima,MID,19,2.62,4,33.84,473.0,496.8,446.5,4.39,0,39,5,142.0,7.01,27,2154,98,6
736,Divin Mubama,FWD,19,0.01,0,1.07,0.0,2.4,11.4,0.0,0,0,0,1.4,0.01,0,36,3,0
737,Joseph Anang,GKP,19,0.0,0,0.0,0.0,0.0,0.0,0.0,0,0,0,0.0,0.0,0,0,0,0
738,Krisztián Hegyi,GKP,19,0.0,0,0.0,0.0,0.0,0.0,0.0,0,0,0,0.0,0.0,0,0,0,0
739,Kaelan Casey,DEF,19,0.0,0,0.0,0.0,0.0,0.0,0.0,0,0,0,0.0,0.0,0,0,0,0
740,Craig Dawson,DEF,20,0.27,1,35.83,145.0,455.6,37.2,1.53,0,31,1,64.0,1.8,25,2134,75,7
741,Raúl Jiménez,FWD,20,0.55,0,16.0,273.0,74.6,116.0,2.55,0,18,2,46.3,3.1,8,839,29,2
742,Jonathan Castro Otto,DEF,20,0.83,1,18.32,83.0,233.2,118.2,0.3,0,21,0,43.7,1.13,14,1257,45,5
743,José Malheiro de Sá,GKP,20,0.0,0,54.63,0.0,845.6,0.0,0.0,108,55,0,84.7,0.0,36,3240,148,11
744,Rúben da Silva Neves,MID,20,1.57,6,51.21,347.0,788.8,474.7,5.19,0,48,2,161.0,6.76,33,3020,118,10
745,Hwang Hee-chan,MID,20,0.62,3,16.92,242.0,194.0,138.8,2.97,0,18,2,57.5,3.59,12,1117,60,3
746,Nélson Cabral Semedo,DEF,20,0.91,0,50.02,79.0,443.4,226.5,0.53,0,43,1,74.4,1.44,31,2633,75,8
747,Daniel Castelo Podence,MID,20,2.19,6,28.24,580.0,376.0,512.8,3.88,0,31,1,146.8,6.07,20,1760,92,6
748,Max Kilman,DEF,20,0.5,0,56.6,106.0,739.8,66.9,1.31,0,56,1,91.6,1.81,37,3307,109,11
749,Luke Cundle,MID,20,0.0,0,0.0,0.0,0.0,0.0,0.0,0,0,0,0.0,0.0,0,0,0,0
750,Pedro Lomba Neto,MID,20,1.64,0,14.34,203.0,96.8,309.5,1.12,0,15,2,60.9,2.76,13,962,37,5
751,Rayan Aït-Nouri,DEF,20,0.84,1,18.36,156.0,195.0,130.5,1.26,0,18,0,48.3,2.1,9,1067,41,4
752,Fabio Silva,FWD,20,0.0,0,0.0,0.0,0.0,0.0,0.0,0,0,0,0.0,0.0,0,0,0,0
753,Toti António Gomes,DEF,20,0.23,1,20.87,65.0,225.2,74.3,0.35,0,14,0,36.5,0.58,10,978,43,4
754,Francisco Jorge Tomás Oliveira,MID,20,0.0,0,0.0,0.0,0.0,0.0,0.0,0,0,0,0.0,0.0,0,0,0,0
755,Adama Traoré Diarra,MID,20,3.22,2,29.49,258.0,253.6,370.0,1.38,0,30,4,87.9,4.6,12,1477,66,2
756,Matija Šarkić,GKP,20,0.0,0,0.0,0.0,0.0,0.0,0.0,0,0,0,0.0,0.0,0,0,0,0
757,Yerson Mosquera Valdelamar,DEF,20,0.0,0,0.0,0.0,0.0,0.0,0.0,0,0,0,0.0,0.0,0,0,0,0
758,João Filipe Iria Santos Moutinho,MID,20,1.93,0,27.86,142.0,309.8,537.7,1.3,0,28,2,99.2,3.23,20,1773,56,6
759,Nathan Collins,DEF,20,0.21,0,32.93,29.0,419.0,37.9,0.23,0,37,0,48.9,0.44,19,1811,49,4
760,Jackson Smith,GKP,20,0.0,0,0.0,0.0,0.0,0.0,0.0,0,0,0,0.0,0.0,0,0,0,0
761,Hugo Bueno López,DEF,20,1.0,0,22.62,74.0,221.2,254.8,0.17,0,29,1,55.3,1.17,16,1307,41,3
762,Joseph Hodge,MID,20,0.05,0,4.04,26.0,14.4,16.2,0.28,0,5,0,5.7,0.33,1,172,5,0
763,Connor Ronan,MID,20,0.0,0,0.03,0.0,0.6,0.4,0.0,0,0,0,0.1,0.0,0,1,1,0
764,Chem Campbell,MID,20,0.0,0,1.02,16.0,5.6,3.0,0.1,0,2,0,2.4,0.1,0,68,5,0
765,Gonçalo Manuel Ganchinho Guedes,MID,20,0.45,1,11.99,223.0,89.4,139.6,1.2,0,12,1,45.1,1.65,8,703,29,2
766,Matheus Luiz Nunes,MID,20,1.38,1,41.19,310.0,370.2,405.0,2.41,0,38,1,108.6,3.79,30,2467,80,11
767,Sasa Kalajdzic,FWD,20,0.0,0,0.62,9.0,0.0,0.0,0.27,0,0,0,0.7,0.27,1,45,1,0
768,Diego Da Silva Costa,FWD,20,0.6,1,21.15,504.0,96.8,144.3,3.22,0,17,0,73.3,3.82,16,1235,33,6
769,Boubacar Traoré,MID,20,0.06,0,7.62,7.0,49.6,16.6,0.07,0,9,1,7.4,0.13,4,405,14,0
770,Nathan Fraser,FWD,20,0.0,0,0.0,0.0,0.0,0.0,0.0,0,0,0,0.0,0.0,0,0,0,0
771,Harvey Griffiths,MID,20,0.0,0,0.0,0.0,0.0,0.0,0.0,0,0,0,0.0,0.0,0,0,0,0
772,Dexter Lembikisa,DEF,20,0.0,0,0.43,0.0,1.4,0.8,0.0,0,1,0,0.2,0.0,0,22,1,0
773,Matheus Santos Carneiro Da Cunha,FWD,20,0.17,2,16.76,217.0,143.0,95.1,1.72,0,12,0,45.1,1.89,12,961,39,5
774,Mario Lemina,MID,20,0.46,0,27.88,36.0,200.4,65.0,0.25,0,28,1,30.1,0.71,17,1297,35,5
775,Pablo Sarabia,MID,20,0.89,1,13.37,157.0,92.0,184.7,2.99,0,9,0,43.0,3.88,9,764,27,3
776,Daniel Bentley,GKP,20,0.0,0,4.66,0.0,70.2,0.0,0.0,11,3,0,7.0,0.0,2,180,6,0
777,João Victor Gomes da Silva,MID,20,0.11,1,14.35,46.0,133.0,72.0,0.3,0,18,0,24.9,0.41,7,649,21,2
